原料名,用量,菜品名
大虾,16只,夏天必吃减脂瘦身美食，果香浓郁的酸辣柠檬大虾
生姜,1块,夏天必吃减脂瘦身美食，果香浓郁的酸辣柠檬大虾
香葱,1颗,夏天必吃减脂瘦身美食，果香浓郁的酸辣柠檬大虾
香菜,3根,夏天必吃减脂瘦身美食，果香浓郁的酸辣柠檬大虾
柠檬,1个,夏天必吃减脂瘦身美食，果香浓郁的酸辣柠檬大虾
百香果,1个,夏天必吃减脂瘦身美食，果香浓郁的酸辣柠檬大虾
杭椒,1只,夏天必吃减脂瘦身美食，果香浓郁的酸辣柠檬大虾
小米椒,3只,夏天必吃减脂瘦身美食，果香浓郁的酸辣柠檬大虾
小番茄,10个,夏天必吃减脂瘦身美食，果香浓郁的酸辣柠檬大虾
洋葱,半个,夏天必吃减脂瘦身美食，果香浓郁的酸辣柠檬大虾
白糖,8g,夏天必吃减脂瘦身美食，果香浓郁的酸辣柠檬大虾
六月鲜12克轻盐牡蛎酱油,2勺,夏天必吃减脂瘦身美食，果香浓郁的酸辣柠檬大虾
味达美臻品料酒,1勺,夏天必吃减脂瘦身美食，果香浓郁的酸辣柠檬大虾
味达美醇香米醋,1勺,夏天必吃减脂瘦身美食，果香浓郁的酸辣柠檬大虾
糯米粉,适量,擂灰圆
桂花红豆沙,适量,擂灰圆
黄豆粉,适量,擂灰圆
黑芝麻,适量,擂灰圆
红糖,适量,擂灰圆
大虾,600克,避风塘酥脆虾
大蒜,100克,避风塘酥脆虾
海米,1把,避风塘酥脆虾
方便面饼,1块,避风塘酥脆虾
油,适量,避风塘酥脆虾
半湿豆豉,1把,避风塘酥脆虾
黄飞红麻辣花生,1把,避风塘酥脆虾
金黄面包糠,1把,避风塘酥脆虾
青蒜叶,1把,避风塘酥脆虾
盐,适量,避风塘酥脆虾
冬瓜,145克,虾味球冬瓜三色芝士年糕
三色芝士年糕,250克,虾味球冬瓜三色芝士年糕
虾味球,85克,虾味球冬瓜三色芝士年糕
盐,适量,虾味球冬瓜三色芝士年糕
味精,适量,虾味球冬瓜三色芝士年糕
豆腐皮,2张,炸响铃
肉末,175克,炸响铃
面糊,适量,炸响铃
料酒,适量,炸响铃
酱油,适量,炸响铃
蚝油,适量,炸响铃
盐,适量,炸响铃
干淀粉,适量,炸响铃
田螺,14个,清明螺，赛过鹅～田螺塞肉
猪肉馅,109g,清明螺，赛过鹅～田螺塞肉
香葱,3根,清明螺，赛过鹅～田螺塞肉
生姜,1块,清明螺，赛过鹅～田螺塞肉
小辣椒,1个,清明螺，赛过鹅～田螺塞肉
盐,适量,清明螺，赛过鹅～田螺塞肉
料酒,2勺,清明螺，赛过鹅～田螺塞肉
胡椒粉,0.5,清明螺，赛过鹅～田螺塞肉
淀粉,2g,清明螺，赛过鹅～田螺塞肉
植物油,1小勺,清明螺，赛过鹅～田螺塞肉
生抽,1小勺,清明螺，赛过鹅～田螺塞肉
芝麻香油,2g,清明螺，赛过鹅～田螺塞肉
春笋,1株,春笋炒年糕
年糕,265克,春笋炒年糕
盐,适量,春笋炒年糕
酱油,适量,春笋炒年糕
年糕,一条,鸡蛋青菜炒年糕
鸡蛋,一个,鸡蛋青菜炒年糕
蒜末,少许,鸡蛋青菜炒年糕
小菜心,适量,鸡蛋青菜炒年糕
油,少许,鸡蛋青菜炒年糕
酱油,少许,鸡蛋青菜炒年糕
年糕,2条,年糕炒香肠
四川腊肠,100克,年糕炒香肠
食用油,2勺,年糕炒香肠
生抽,1勺,年糕炒香肠
葱,适量,年糕炒香肠
姜,适量,年糕炒香肠
蒜末,适量,年糕炒香肠
小米椒圈,适量,年糕炒香肠
年糕,400克,包心菜鸡腿煮年糕
鸡腿,465克,包心菜鸡腿煮年糕
包心菜,200克,包心菜鸡腿煮年糕
料酒,适量,包心菜鸡腿煮年糕
盐,适量,包心菜鸡腿煮年糕
年糕,200g,鸡翅炖年糕
鸡翅,200g,鸡翅炖年糕
番茄,1个,鸡翅炖年糕
葱,1根,鸡翅炖年糕
蒜末,适量,鸡翅炖年糕
姜,少许,鸡翅炖年糕
柱侯酱,2匙,鸡翅炖年糕
蚝油,1匙,鸡翅炖年糕
酱油,1匙,鸡翅炖年糕
食盐,适量,鸡翅炖年糕
食用油,适量,鸡翅炖年糕
年糕,1包（2磅）,鲮鱼饼虾仁汤年糕
娃娃菜,1颗,鲮鱼饼虾仁汤年糕
虾仁,10来个,鲮鱼饼虾仁汤年糕
鲮鱼饼,适量,鲮鱼饼虾仁汤年糕
猪骨浓汤,适量,鲮鱼饼虾仁汤年糕
年糕,适量,排骨萝卜汤年糕
排骨萝卜汤,适量,排骨萝卜汤年糕
盐,适量,排骨萝卜汤年糕
糯米粉,500g,家乡咸汤圆
温水,420g,家乡咸汤圆
大白菜,半颗,家乡咸汤圆
白萝卜,1根,家乡咸汤圆
胡萝卜,1根,家乡咸汤圆
腊肠,2根,家乡咸汤圆
腊肉,半根,家乡咸汤圆
叉烧,400g,家乡咸汤圆
虾仁,适量,家乡咸汤圆
冬菇,20个,家乡咸汤圆
虾米,手抓1把,家乡咸汤圆
鱼腐,适量,家乡咸汤圆
盐,适量,家乡咸汤圆
油,适量,家乡咸汤圆
银耳,15克,银耳红薯花色年糕
红薯,640克,银耳红薯花色年糕
花色年糕,400克,银耳红薯花色年糕
白糖,4勺,银耳红薯花色年糕
年糕,半袋,炒年糕
圆白菜,适量,炒年糕
葱花,适量,炒年糕
植物油,1勺,炒年糕
酱油,1勺,炒年糕
蚝油,1匙,炒年糕
番茄酱,1大勺,炒年糕
盐,1匙,炒年糕
鸡精,1匙,炒年糕
十三香,1匙,炒年糕
年糕,1盒,桂花年糕
桂花蜜,适量,桂花年糕
油,少许,桂花年糕
目鱼,3只,浙江名菜&蒜爆目鱼花
大蒜,2瓣,浙江名菜&蒜爆目鱼花
淀粉,少许,浙江名菜&蒜爆目鱼花
盐,3g,浙江名菜&蒜爆目鱼花
味精,2g,浙江名菜&蒜爆目鱼花
虾仁,适量,龙井虾仁
龙井茶叶,适量,龙井虾仁
油,适量,龙井虾仁
盐,适量,龙井虾仁
糯米,100g,粢饭团丨早餐吃一个半天都不饿
红米,20g,粢饭团丨早餐吃一个半天都不饿
油条,1根,粢饭团丨早餐吃一个半天都不饿
猪肉松,20g,粢饭团丨早餐吃一个半天都不饿
榨菜,1包,粢饭团丨早餐吃一个半天都不饿
毛豆,适量,毛豆烧素记
素记,适量,毛豆烧素记
干辣椒,适量,毛豆烧素记
姜,适量,毛豆烧素记
盐,适量,毛豆烧素记
生抽,适量,毛豆烧素记
老抽,适量,毛豆烧素记
鸡精,适量,毛豆烧素记
净鸭,半只，350克,排队N久才能买到的酱鸭，在家也能轻松做，好吃到连骨头都不放过
香葱,10克,排队N久才能买到的酱鸭，在家也能轻松做，好吃到连骨头都不放过
大料,3个,排队N久才能买到的酱鸭，在家也能轻松做，好吃到连骨头都不放过
香叶,1片,排队N久才能买到的酱鸭，在家也能轻松做，好吃到连骨头都不放过
桂皮,1块,排队N久才能买到的酱鸭，在家也能轻松做，好吃到连骨头都不放过
姜,5片,排队N久才能买到的酱鸭，在家也能轻松做，好吃到连骨头都不放过
冰糖,15克,排队N久才能买到的酱鸭，在家也能轻松做，好吃到连骨头都不放过
盐,2克,排队N久才能买到的酱鸭，在家也能轻松做，好吃到连骨头都不放过
老抽,15毫升,排队N久才能买到的酱鸭，在家也能轻松做，好吃到连骨头都不放过
酱油,30毫升,排队N久才能买到的酱鸭，在家也能轻松做，好吃到连骨头都不放过
腐乳汁,20毫升,排队N久才能买到的酱鸭，在家也能轻松做，好吃到连骨头都不放过
水量,1200毫升,排队N久才能买到的酱鸭，在家也能轻松做，好吃到连骨头都不放过
鸭,半只,鸭子煲
八角,适量,鸭子煲
桂皮,适量,鸭子煲
香叶,适量,鸭子煲
姜,适量,鸭子煲
香菜,适量,鸭子煲
葱,适量,鸭子煲
蒜,适量,鸭子煲
盐,适量,鸭子煲
料酒,适量,鸭子煲
蚝油,适量,鸭子煲
酱油,适量,鸭子煲
虾,十只,炒虾的华丽升级——避风塘炒虾
面包糠,50g,炒虾的华丽升级——避风塘炒虾
红椒,一个,炒虾的华丽升级——避风塘炒虾
小葱,两根,炒虾的华丽升级——避风塘炒虾
玉米淀粉,两大勺,炒虾的华丽升级——避风塘炒虾
大蒜,5-6瓣,炒虾的华丽升级——避风塘炒虾
姜,一小块,炒虾的华丽升级——避风塘炒虾
盐,适量,炒虾的华丽升级——避风塘炒虾
黄酒,两小勺,炒虾的华丽升级——避风塘炒虾
大米,270克,咸菜榨菜丝粢饭团
糯米,80克,咸菜榨菜丝粢饭团
榨菜丝,适量,咸菜榨菜丝粢饭团
咸菜,适量,咸菜榨菜丝粢饭团
雷笋,500克,油焖春笋
蒜瓣,适量,油焖春笋
冰糖,15克,油焖春笋
清水,1碗,油焖春笋
猪油,1大匙,油焖春笋
玉米油,2大匙,油焖春笋
芝麻油,适量,油焖春笋
生抽酱油,4汤匙,油焖春笋
糯米粉,60g,温州松糕
水,85g,温州松糕
细砂糖,40g,温州松糕
大米粉,100g,温州松糕
黑芝麻,适量,温州松糕
咸肥肉,30g,温州松糕
大米,适量,宁波水磨年糕
水,适量,宁波水磨年糕
春笋,500g,油焖春笋
玉米油,适量,油焖春笋
盐,适量,油焖春笋
生抽,适量,油焖春笋
糖,适量,油焖春笋
鸡精,适量,油焖春笋
面粉,1000g,葱油拌面
香葱,适量,葱油拌面
生抽,适量,葱油拌面
酱油,适量,葱油拌面
盐,适量,葱油拌面
土鸡,1只,家庭版佛跳墙
鲍鱼,6个,家庭版佛跳墙
海参,1条,家庭版佛跳墙
大虾,300g,家庭版佛跳墙
南瓜,一截,家庭版佛跳墙
杏鲍菇,1个,家庭版佛跳墙
干贝,30g,家庭版佛跳墙
鹌鹑蛋,10个,家庭版佛跳墙
姜片,适量,家庭版佛跳墙
枸杞子,20g,家庭版佛跳墙
油,适量,家庭版佛跳墙
盐,适量,家庭版佛跳墙
鸡精,少许,家庭版佛跳墙
老鸭,1只,家庭版姜母鸭
生姜,85g,家庭版姜母鸭
大蒜,5颗,家庭版姜母鸭
糖,2匙,家庭版姜母鸭
生抽,2匙,家庭版姜母鸭
老抽,1匙,家庭版姜母鸭
油,2匙,家庭版姜母鸭
高度米酒,50ml,家庭版姜母鸭
鸡,适量,家庭版佛跳墙
猪蹄,适量,家庭版佛跳墙
蹄筋,适量,家庭版佛跳墙
鸡爪,适量,家庭版佛跳墙
花胶,适量,家庭版佛跳墙
猪骨,适量,家庭版佛跳墙
排骨,适量,家庭版佛跳墙
板栗,适量,家庭版佛跳墙
蒜头,适量,家庭版佛跳墙
芋头,适量,家庭版佛跳墙
香菇,适量,家庭版佛跳墙
笋,适量,家庭版佛跳墙
大白菜,适量,家庭版佛跳墙
鸟蛋,适量,家庭版佛跳墙
冰糖,适量,家庭版佛跳墙
蚝油,适量,家庭版佛跳墙
白胡椒粉,适量,家庭版佛跳墙
绍兴酒,适量,家庭版佛跳墙
地瓜粉,适量,家庭版佛跳墙
五花肉,500g,福州红糟肉
蒜苗,一棵,福州红糟肉
生姜,一块,福州红糟肉
蒜头,2瓣,福州红糟肉
花生油,适量,福州红糟肉
红糟,2勺,福州红糟肉
生抽,1勺,福州红糟肉
盐,半匙,福州红糟肉
鸡精,半匙,福州红糟肉
白糖,一勺,福州红糟肉
老鸽,一只,五指毛桃煲老鸽
排骨,适量,五指毛桃煲老鸽
五指毛桃,适量,五指毛桃煲老鸽
姜片,几片,五指毛桃煲老鸽
盐,适量,五指毛桃煲老鸽
料酒,适量,五指毛桃煲老鸽
佛跳墙半成品,1份,蒸佛跳墙拌粉丝
粉丝,1把,蒸佛跳墙拌粉丝
葱花,适量,蒸佛跳墙拌粉丝
土鸡,半只,（闽菜）酒糟鸡
酒糟,2勺,（闽菜）酒糟鸡
生姜,一块,（闽菜）酒糟鸡
葱,一根,（闽菜）酒糟鸡
盐,适量,（闽菜）酒糟鸡
牛肉,约150克,沙茶牛肉片
蛋白,1/4只量,沙茶牛肉片
大白菜,约1/2棵,沙茶牛肉片
蒜头,2瓣,沙茶牛肉片
生姜,约2指节,沙茶牛肉片
食盐,1/3小勺,沙茶牛肉片
沙茶酱,1大勺,沙茶牛肉片
蚝油,1大勺,沙茶牛肉片
生抽,1+1/2大勺,沙茶牛肉片
味啉,1/2大勺,沙茶牛肉片
胡椒粉,1/3小勺,沙茶牛肉片
生粉,1/2大勺,沙茶牛肉片
芝麻油,1/2大勺,沙茶牛肉片
清水,1/2杯,沙茶牛肉片
精瘦肉,一斤,福鼎肉片
紫菜,一把,福鼎肉片
生菜,二片,福鼎肉片
葱,适量,福鼎肉片
八角,二片,福鼎肉片
二荆条,二个,福鼎肉片
香叶,二片,福鼎肉片
姜,适量,福鼎肉片
蒜,适量,福鼎肉片
食用小苏打,1/5匙,福鼎肉片
盐,少许,福鼎肉片
醋,少许,福鼎肉片
生抽,一匙,福鼎肉片
白糖,少许,福鼎肉片
鸡精,少许,福鼎肉片
地瓜粉,2匙,福鼎肉片
蚝,适量,蚝烙
鸭蛋,1个,蚝烙
盐,适量,蚝烙
料酒,适量,蚝烙
胡椒粉,适量,蚝烙
葱花,适量,蚝烙
薯粉,适量,蚝烙
生蚝,适量,煎小蚝仔
鸡蛋,适量,煎小蚝仔
淀粉,适量,煎小蚝仔
盐,适量,煎小蚝仔
十三香,适量,煎小蚝仔
粿条,适量,炒笋粿
笋丝,适量,炒笋粿
葱花,适量,炒笋粿
生抽,适量,炒笋粿
沙茶酱,适量,炒笋粿
花生油,适量,炒笋粿
糯米粉,350g,莆仙红团(绿豆馅)
面粉,100g,莆仙红团(绿豆馅)
绿豆,250g,莆仙红团(绿豆馅)
白糖,50g,莆仙红团(绿豆馅)
清水,(煮绿豆)450g,莆仙红团(绿豆馅)
鲜鸡蕉叶,适量,莆仙红团(绿豆馅)
大米,400g,福建油饼的做法和配方
黄豆,100g,福建油饼的做法和配方
葱花,适量,福建油饼的做法和配方
姜段,少许,福建油饼的做法和配方
食盐,适量,福建油饼的做法和配方
海参,2只,家庭版佛跳墙
鱿鱼爪,1只,家庭版佛跳墙
猪肉,50g,家庭版佛跳墙
海蛏子,100g,家庭版佛跳墙
杏鲍菇,1只,家庭版佛跳墙
葱,适量,家庭版佛跳墙
料酒,适量,家庭版佛跳墙
食盐,适量,家庭版佛跳墙
十三香,适量,家庭版佛跳墙
鸡精,适量,家庭版佛跳墙
孜然粒,适量,家庭版佛跳墙
姜,适量,家庭版佛跳墙
蒜,适量,家庭版佛跳墙
萝卜片,适量,家庭版佛跳墙
洋葱丝,适量,家庭版佛跳墙
带鱼,一条，1000g左右,闽南带鱼饭
五花肉,200g,闽南带鱼饭
香菇,10颗,闽南带鱼饭
高丽菜,半颗,闽南带鱼饭
姜,少许,闽南带鱼饭
红葱头,5颗,闽南带鱼饭
梅头肉,250g,闽南炣廋肉
蒜,少许,闽南炣廋肉
蚝油,1匙,闽南炣廋肉
味极鲜,3匙,闽南炣廋肉
糯米粉,120g,红糖糍粑
红糖,30g,红糖糍粑
芝麻,适量,红糖糍粑
虾仁,适量,虾仁胡萝卜粥
糯米,适量,虾仁胡萝卜粥
玉米,适量,虾仁胡萝卜粥
葱,适量,虾仁胡萝卜粥
丝瓜,适量,虾仁胡萝卜粥
水,适量,虾仁胡萝卜粥
盐,适量,虾仁胡萝卜粥
海蛎,500克,厦门海蛎煎
鸭蛋,2个,厦门海蛎煎
葱,2根,厦门海蛎煎
蒜苗,2根,厦门海蛎煎
生抽,适量,厦门海蛎煎
油,适量,厦门海蛎煎
盐,适量,厦门海蛎煎
地瓜粉,5勺,厦门海蛎煎
肉,200g,闽南粉仔粿
花生,100g,闽南粉仔粿
干贝,少许,闽南粉仔粿
海蚌,5-6只,闽南粉仔粿
虾皮,适量,闽南粉仔粿
巴浪鱼干,适量,闽南粉仔粿
地瓜粉,适量,闽南粉仔粿
糯米粉,适量,桂花红糖糍粑
红糖,适量,桂花红糖糍粑
水,适量,桂花红糖糍粑
油,适量,桂花红糖糍粑
桂花,适量,桂花红糖糍粑
黄豆粉,适量（熟）,桂花红糖糍粑
牡蛎,500克,【闽南蚝仔煎】
鸡蛋,一粒,【闽南蚝仔煎】
青蒜,适量,【闽南蚝仔煎】
胡萝卜,少许,【闽南蚝仔煎】
红薯淀粉,适量,【闽南蚝仔煎】
盐,少许,【闽南蚝仔煎】
胡椒粉,一小勺,【闽南蚝仔煎】
糯米粉,适量,红糖糍粑
红糖水,适量,红糖糍粑
熟黄豆粉,适量,红糖糍粑
槐花,适量,红糖糍粑，槐花糯米糕
糯米粉,适量,红糖糍粑，槐花糯米糕
红糖,适量,红糖糍粑，槐花糯米糕
油,少许,红糖糍粑，槐花糯米糕
地瓜淀粉,750g,蛋皮燕
鸡蛋,15粒,蛋皮燕
猪肉馅,1000g（肥3瘦7）,蛋皮燕
山药,1000g,蛋皮燕
香葱,200g,蛋皮燕
水,1115g,蛋皮燕
料酒,50g,蛋皮燕
盐,12g,蛋皮燕
鸡粉,9g,蛋皮燕
十三香粉,5g,蛋皮燕
生抽,40g,蛋皮燕
色拉油,100g,蛋皮燕
米,2杯,闽南菜干饭
五花肉,100g,闽南菜干饭
包菜干,50g,闽南菜干饭
干香菇,8朵,闽南菜干饭
盐,适量,闽南菜干饭
生姜,数片,闽南菜干饭
小鱿鱼干,2只,闽南菜干饭
干葱头,5个,闽南菜干饭
木薯粉,200克,仙草烧芋圆
紫芋,50克,仙草烧芋圆
南瓜,50克,仙草烧芋圆
仙草粉,50克,仙草烧芋圆
白砂糖,80克,仙草烧芋圆
鱿鱼,适量,炒海鲜味地瓜粉
虾肉,适量,炒海鲜味地瓜粉
红萝卜,适量,炒海鲜味地瓜粉
葱花,适量,炒海鲜味地瓜粉
地瓜粉,150g,炒海鲜味地瓜粉
炒香花生,适量,炒海鲜味地瓜粉
生抽,适量,炒海鲜味地瓜粉
味精,适量,炒海鲜味地瓜粉
肉馅,适量,青椒酿肉
青椒,6个,青椒酿肉
盐,适量,青椒酿肉
糖,适量,青椒酿肉
料酒,适量,青椒酿肉
生抽,适量,青椒酿肉
蚝油,适量,青椒酿肉
老抽,适量,青椒酿肉
淀粉,适量,青椒酿肉
姜末,适量,青椒酿肉
龙口粉丝,两把,蚂蚁上树
肉沫,少许,蚂蚁上树
郫县豆瓣酱,1小勺,蚂蚁上树
红薯粉条,适量,家常酸辣粉
鸡蛋,适量,家常酸辣粉
香葱,适量,家常酸辣粉
生姜,适量,家常酸辣粉
小米辣,适量,家常酸辣粉
卤牛肉,适量,家常酸辣粉
盐,适量,家常酸辣粉
生抽,适量,家常酸辣粉
豆瓣酱,适量,家常酸辣粉
香醋,适量,家常酸辣粉
猪肉,适量,双椒回锅肉
青椒,适量,双椒回锅肉
小米椒,适量,双椒回锅肉
蒜片,适量,双椒回锅肉
生抽,适量,双椒回锅肉
老抽,适量,双椒回锅肉
味精,适量,双椒回锅肉
油菜,500克,经典川味担担面，吃一次就念念不忘的味道
新鲜面条,500克,经典川味担担面，吃一次就念念不忘的味道
肥瘦猪肉,400克,经典川味担担面，吃一次就念念不忘的味道
碎米芽菜,100克,经典川味担担面，吃一次就念念不忘的味道
葱末,适量,经典川味担担面，吃一次就念念不忘的味道
姜末,适量,经典川味担担面，吃一次就念念不忘的味道
蒜末,适量,经典川味担担面，吃一次就念念不忘的味道
食用油,适量,经典川味担担面，吃一次就念念不忘的味道
熟芝麻,适量,经典川味担担面，吃一次就念念不忘的味道
粗制辣椒粉,适量,经典川味担担面，吃一次就念念不忘的味道
去皮熟花生碎,适量,经典川味担担面，吃一次就念念不忘的味道
老抽酱油,适量,经典川味担担面，吃一次就念念不忘的味道
料酒,适量,经典川味担担面，吃一次就念念不忘的味道
花椒油,适量,经典川味担担面，吃一次就念念不忘的味道
芝麻油,适量,经典川味担担面，吃一次就念念不忘的味道
醋,适量,经典川味担担面，吃一次就念念不忘的味道
细砂糖,适量,经典川味担担面，吃一次就念念不忘的味道
生抽酱油,适量,经典川味担担面，吃一次就念念不忘的味道
鸡胸肉,200克,川菜版宫保鸡丁
大葱,两段,川菜版宫保鸡丁
姜,两片,川菜版宫保鸡丁
蒜,三瓣,川菜版宫保鸡丁
郫县豆瓣酱,一勺,川菜版宫保鸡丁
色拉油,200ml,川菜版宫保鸡丁
小公鸡,一只,口水鸡
葱,适量,口水鸡
姜,适量,口水鸡
料酒,适量,口水鸡
盐,适量,口水鸡
蒜末,适量,口水鸡
生抽,适量,口水鸡
香醋,适量,口水鸡
白糖,适量,口水鸡
鸡精,适量,口水鸡
花椒油,适量,口水鸡
芝麻红油,适量,口水鸡
豆芽,1块,麻辣血旺
脆皮肠,1把,麻辣血旺
血旺,1块,麻辣血旺
蒜苗,2颗,麻辣血旺
泡姜,适量,麻辣血旺
泡辣椒,适量,麻辣血旺
酱油,适量,麻辣血旺
盐,1勺,麻辣血旺
鸡精,适量,麻辣血旺
味精,适量,麻辣血旺
姜蒜末,适量,麻辣血旺
猪瘦肉,适量,鱼香肉丝
胡萝卜,适量,鱼香肉丝
青椒,适量,鱼香肉丝
黑木耳,适量,鱼香肉丝
鸡蛋清,适量,鱼香肉丝
姜,适量,鱼香肉丝
蒜,适量,鱼香肉丝
淀粉,适量,鱼香肉丝
盐,适量,鱼香肉丝
白糖,适量,鱼香肉丝
米醋,适量,鱼香肉丝
生抽,适量,鱼香肉丝
老抽,适量,鱼香肉丝
胡椒粉,适量,鱼香肉丝
香油,适量,鱼香肉丝
瘦肉,50g,四川哨子面
小面,100g,四川哨子面
香菇,1个,四川哨子面
胡萝卜,1/3个,四川哨子面
白菜,1片,四川哨子面
莴笋叶,3片,四川哨子面
姜,5g,四川哨子面
大蒜,1瓣,四川哨子面
花椒,3根,四川哨子面
黄豆酱,10颗,四川哨子面
葱叶,5g,四川哨子面
腊肉,半块,四川腊肉
小葱,2个,四川腊肉
鸡腿肉,3只量,宫保鸡丁
花生,1/2杯,宫保鸡丁
生姜,1块,宫保鸡丁
葱头,1枚,宫保鸡丁
生抽,1/2大勺,宫保鸡丁
精盐,1/4小勺,宫保鸡丁
花椒粉,1/2小勺、,宫保鸡丁
胡椒粉,1/3小勺,宫保鸡丁
白酒,1/2大勺,宫保鸡丁
白糖,1/4小勺,宫保鸡丁
玉米淀粉,1/2大勺,宫保鸡丁
菜油,1大勺,宫保鸡丁
姜片,约20指甲片,宫保鸡丁
葱头,约20指甲片,宫保鸡丁
干辣椒段,3条量,宫保鸡丁
花椒,1/2大勺,宫保鸡丁
花椒粉,1/2大勺,宫保鸡丁
芝麻油,1/2大勺,宫保鸡丁
各种蔬菜,适量,自制串串香
各种鱼丸,适量,自制串串香
蒜末,1大块,自制串串香
油,4瓣,自制串串香
白芝麻,1汤勺,自制串串香
糖,2勺,自制串串香
牛油火锅底料,1大块,自制串串香
清水,适量,自制串串香
素菜,（五花肉，鱿鱼，鸭肠，虾，鸡翅中等）适量,麻辣香锅
丸子,（土豆，莲藕，香菇，花菜，西蓝花，木耳，小白菜等）适量,麻辣香锅
荤菜,（五花肉，鱿鱼，鸭肠，虾，鸡翅中等）适量,麻辣香锅
火锅底料,一块,麻辣香锅
香料,（桂皮，八角，麻椒等）适量,麻辣香锅
白芝麻,适量,麻辣香锅
豆瓣酱,适量,麻辣香锅
葱姜蒜,（桂皮，八角，麻椒等）适量,麻辣香锅
鸡腿,2个,口水鸡
大葱,一段,口水鸡
生姜,2片,口水鸡
香菜,1棵,口水鸡
小米辣,1个,口水鸡
生抽,3勺,口水鸡
米醋,3勺,口水鸡
蚝油,3勺,口水鸡
料酒,2勺,口水鸡
藤椒油,1勺,口水鸡
白糖,半勺,口水鸡
猪里脊肉,适量,水煮豆皮肉片
白菜,适量,水煮豆皮肉片
豆皮,适量,水煮豆皮肉片
西兰花,适量,水煮豆皮肉片
葱,适量,水煮豆皮肉片
火锅底料,适量,水煮豆皮肉片
花椒,适量,水煮豆皮肉片
油,适量,水煮豆皮肉片
盐,适量,水煮豆皮肉片
淀粉,适量,水煮豆皮肉片
料酒,适量,水煮豆皮肉片
五香粉,适量,水煮豆皮肉片
姜粉,适量,水煮豆皮肉片
酱油,适量,水煮豆皮肉片
水,适量,水煮豆皮肉片
姜,适量,水煮豆皮肉片
蒜,适量,水煮豆皮肉片
江团,1条,水煮鱼片
小葱,6颗,水煮鱼片
大蒜,6瓣,水煮鱼片
生姜,1块,水煮鱼片
豆瓣酱,2勺,水煮鱼片
玉米淀粉,适量,水煮鱼片
料酒,2勺,水煮鱼片
鸡精,适量,水煮鱼片
白糖,少许,水煮鱼片
胡椒粉,适量,水煮鱼片
干辣椒段,适量,水煮鱼片
花椒粒,适量,水煮鱼片
八角,2个,水煮鱼片
香叶,3个,水煮鱼片
鸡蛋,一个,水煮鱼片
鸡腿肉,300克,宫保鸡丁
胡萝卜,半根,宫保鸡丁
青瓜,半根,宫保鸡丁
熟花生米,300克,宫保鸡丁
干淀粉,适量,宫保鸡丁
郫县豆瓣酱,1勺,宫保鸡丁
料酒,适量,宫保鸡丁
生抽,1勺,宫保鸡丁
蚝油,1勺,宫保鸡丁
香醋,1勺半,宫保鸡丁
白糖,1勺,宫保鸡丁
干淀粉,1勺,宫保鸡丁
清水,2勺,宫保鸡丁
盐,适量,宫保鸡丁
牛肉,200g,水煮牛肉
菠菜,100g,水煮牛肉
大蒜,3粒,水煮牛肉
干辣椒,5个,水煮牛肉
辣椒粉,适量,水煮牛肉
淀粉,适量,水煮牛肉
香葱,1棵,水煮牛肉
香菜,2棵,水煮牛肉
姜,少许,水煮牛肉
花椒,2g,水煮牛肉
植物油,5g,水煮牛肉
盐,3g,水煮牛肉
生抽,1勺,水煮牛肉
老抽,少许,水煮牛肉
豆瓣酱,1勺,水煮牛肉
鸡脯肉,1块,宫保鸡丁
洋葱,半个,宫保鸡丁
花生米,适量,宫保鸡丁
胡萝卜,适量,宫保鸡丁
青椒,适量,宫保鸡丁
干辣椒,适量,宫保鸡丁
胡椒粉,适量,宫保鸡丁
淀粉,适量,宫保鸡丁
酱油,适量,宫保鸡丁
糖,适量,宫保鸡丁
醋,适量,宫保鸡丁
郫县豆瓣酱,适量,宫保鸡丁
八角,适量,宫保鸡丁
各种素菜,适量,家常钵钵鸡，简单方便，随便煮点什么都好吃，自己做吃到撑。
各种荤菜,适量,家常钵钵鸡，简单方便，随便煮点什么都好吃，自己做吃到撑。
钵钵鸡调料,1包,家常钵钵鸡，简单方便，随便煮点什么都好吃，自己做吃到撑。
高汤,（可选）2000克,家常钵钵鸡，简单方便，随便煮点什么都好吃，自己做吃到撑。
豆腐,一块,超easy麻婆豆腐
肉馅,一袋,超easy麻婆豆腐
好人家麻婆豆腐料包,一块,超easy麻婆豆腐
盐,适量,超easy麻婆豆腐
肉末,250g,麻辣豆腐
卤水豆腐,250g,麻辣豆腐
葱段,适量,麻辣豆腐
蒜片,3瓣,麻辣豆腐
干辣椒,3个,麻辣豆腐
郫县豆瓣,2大勺,麻辣豆腐
味极鲜,2勺,麻辣豆腐
老抽,1勺,麻辣豆腐
盐,适量,麻辣豆腐
花椒,20颗,麻辣豆腐
麻椒,20颗,麻辣豆腐
玉米淀粉,2勺,麻辣豆腐
肥牛,400g,酸汤肥牛的做法，酸汤肥牛最简单的家常做法，肥牛怎么做好吃
金针菇,1把,酸汤肥牛的做法，酸汤肥牛最简单的家常做法，肥牛怎么做好吃
西红柿,适量,酸汤肥牛的做法，酸汤肥牛最简单的家常做法，肥牛怎么做好吃
二荆条,1个,酸汤肥牛的做法，酸汤肥牛最简单的家常做法，肥牛怎么做好吃
小米辣,1根,酸汤肥牛的做法，酸汤肥牛最简单的家常做法，肥牛怎么做好吃
红泡椒,1个,酸汤肥牛的做法，酸汤肥牛最简单的家常做法，肥牛怎么做好吃
姜蒜,1把,酸汤肥牛的做法，酸汤肥牛最简单的家常做法，肥牛怎么做好吃
黄灯笼辣椒酱,适量,酸汤肥牛的做法，酸汤肥牛最简单的家常做法，肥牛怎么做好吃
白芝麻,适量,酸汤肥牛的做法，酸汤肥牛最简单的家常做法，肥牛怎么做好吃
盐,1勺,酸汤肥牛的做法，酸汤肥牛最简单的家常做法，肥牛怎么做好吃
生抽,1勺,酸汤肥牛的做法，酸汤肥牛最简单的家常做法，肥牛怎么做好吃
料酒,1勺,酸汤肥牛的做法，酸汤肥牛最简单的家常做法，肥牛怎么做好吃
蚝油,1勺,酸汤肥牛的做法，酸汤肥牛最简单的家常做法，肥牛怎么做好吃
白醋,1勺,酸汤肥牛的做法，酸汤肥牛最简单的家常做法，肥牛怎么做好吃
里脊肉,300g,鱼香肉丝
胡萝卜,半根,鱼香肉丝
青椒,半个,鱼香肉丝
油,适量,鱼香肉丝
葱,适量,鱼香肉丝
蛋清,1个,鱼香肉丝
玉米淀粉,适量,鱼香肉丝
鸭,1只,暖身暖心子姜鸭
子姜,1只,暖身暖心子姜鸭
青椒,适量,暖身暖心子姜鸭
红椒,适量,暖身暖心子姜鸭
葱,适量,暖身暖心子姜鸭
姜,适量,暖身暖心子姜鸭
蒜,适量,暖身暖心子姜鸭
料酒,适量,暖身暖心子姜鸭
豆瓣酱,1勺,暖身暖心子姜鸭
盐,适量,暖身暖心子姜鸭
啤酒,1罐,暖身暖心子姜鸭
泡椒,适量,暖身暖心子姜鸭
泡姜,适量,暖身暖心子姜鸭
粉丝,110g,蚂蚁上树
猪肉,70g,蚂蚁上树
葱,适量,蚂蚁上树
小米椒,适量,蚂蚁上树
郫县豆瓣酱,2勺,蚂蚁上树
姜,适量,蚂蚁上树
蒜,适量,蚂蚁上树
糖,少许,蚂蚁上树
盐,少许,蚂蚁上树
料酒,1勺,蚂蚁上树
生抽,2勺,蚂蚁上树
老抽,半勺,蚂蚁上树
鸡腿,3只,囗水鸡
囗水鸡调料,1包,囗水鸡
葱,3根,囗水鸡
姜,少许,囗水鸡
四季豆,适量,干煸四季豆
干辣椒,少许,干煸四季豆
花椒,少许,干煸四季豆
姜,少许,干煸四季豆
葱,少许,干煸四季豆
蒜,少许,干煸四季豆
盐,少许,干煸四季豆
红烧酱油,少许,干煸四季豆
鸡精,少许,干煸四季豆
黄豆酱油,少许,干煸四季豆
鸡胸肉,适量,宫保鸡丁
大蒜,适量,宫保鸡丁
去壳花生,适量,宫保鸡丁
玉米淀粉,一大勺,宫保鸡丁
玉米油,8毫升,宫保鸡丁
盐,2克,宫保鸡丁
生抽,3毫升,宫保鸡丁
玉米淀粉,一勺,宫保鸡丁
老干妈,一勺,宫保鸡丁
嫩豆腐,1大块,麻婆豆腐
猪肉末,150克,麻婆豆腐
姜,1小块,麻婆豆腐
葱,5根,麻婆豆腐
蒜,5瓣,麻婆豆腐
小米椒,3个,麻婆豆腐
盐,半小勺,麻婆豆腐
生抽,2小勺,麻婆豆腐
蚝油,1小勺,麻婆豆腐
料酒,1小勺,麻婆豆腐
白糖,半小勺,麻婆豆腐
食用油,适量,麻婆豆腐
辣椒酱,1小勺,麻婆豆腐
老抽,1小勺,麻婆豆腐
花椒粉,1小勺,麻婆豆腐
白胡椒粉,少许,麻婆豆腐
淀粉,少许,麻婆豆腐
红油豆瓣酱,1小块,麻婆豆腐
猪肝,500g,广式生滚汤 | 猪湿粉肠瘦肉芥菜汤
猪肉,250g,广式生滚汤 | 猪湿粉肠瘦肉芥菜汤
粉肠,250g,广式生滚汤 | 猪湿粉肠瘦肉芥菜汤
芥菜,500g,广式生滚汤 | 猪湿粉肠瘦肉芥菜汤
鸡精,适量,广式生滚汤 | 猪湿粉肠瘦肉芥菜汤
胡椒粉,适量,广式生滚汤 | 猪湿粉肠瘦肉芥菜汤
白酒,2勺,广式生滚汤 | 猪湿粉肠瘦肉芥菜汤
姜片,5片,广式生滚汤 | 猪湿粉肠瘦肉芥菜汤
椒盐,适量,广式生滚汤 | 猪湿粉肠瘦肉芥菜汤
生粉,适量,广式生滚汤 | 猪湿粉肠瘦肉芥菜汤
花生油,适量,广式生滚汤 | 猪湿粉肠瘦肉芥菜汤
鸡爪,12只,虎皮凤爪
葱,适量,虎皮凤爪
姜,适量,虎皮凤爪
海鲜酱,适量,虎皮凤爪
柱候酱,适量,虎皮凤爪
蚝油,适量,虎皮凤爪
麻辣香肠,2条,腊肠煲仔饭
五常大米,3杯,腊肠煲仔饭
清水,4.5杯,腊肠煲仔饭
玉米粒,适量,腊肠煲仔饭
植物油,适量,腊肠煲仔饭
生抽,适量,腊肠煲仔饭
鸭子,1只,碌鸭
香葱,三根,碌鸭
姜,1块,碌鸭
料酒,20ml,碌鸭
洋葱头,五个,碌鸭
米酒,20ml,碌鸭
冰糖,50ml,碌鸭
炖肉料包,1勺,碌鸭
花生油,2块,碌鸭
葱油,1个,碌鸭
东古海鲜酱油,50ml,碌鸭
糖色,1勺,碌鸭
鸭肠,1斤,豉油皇鸭肠
韭黄,少许,豉油皇鸭肠
红辣椒,少许,豉油皇鸭肠
米酒,少许,豉油皇鸭肠
酱油,少许,豉油皇鸭肠
老抽,少许,豉油皇鸭肠
生菜,适量,蚝油生菜（白灼生菜）
蒜,适量,蚝油生菜（白灼生菜）
蒸鱼豉油,适量,蚝油生菜（白灼生菜）
香油,适量,蚝油生菜（白灼生菜）
猪肚,半个,竹荪猪肚鸡
鸡,半只,竹荪猪肚鸡
竹荪,适量,竹荪猪肚鸡
盐,适量,竹荪猪肚鸡
白胡椒粉,适量,竹荪猪肚鸡
五花肉,460克,广式叉烧肉
陈皮,少许,广式叉烧肉
蒜头,3瓣,广式叉烧肉
香叶,3片,广式叉烧肉
料酒,2勺,广式叉烧肉
生抽,2勺,广式叉烧肉
蚝油,半勺,广式叉烧肉
食盐,1小勺,广式叉烧肉
白糖,3小勺,广式叉烧肉
麦芽糖,1勺,广式叉烧肉
鸡爪,500克,虎皮凤爪
花生米,适量,虎皮凤爪
大料,5个,虎皮凤爪
陈皮,10克,虎皮凤爪
油,适量,虎皮凤爪
盐,10克,虎皮凤爪
白糖,3克,虎皮凤爪
老抽,5克,虎皮凤爪
陈醋,适量,虎皮凤爪
广式腊肠,适量,腊肠窝蛋煲仔饭
鸡蛋,两杯,腊肠窝蛋煲仔饭
丝苗香米,适量,腊肠窝蛋煲仔饭
芥兰,适量,腊肠窝蛋煲仔饭
生抽,少许,腊肠窝蛋煲仔饭
蚝油,少许,腊肠窝蛋煲仔饭
糖,少许,腊肠窝蛋煲仔饭
香油,少许,腊肠窝蛋煲仔饭
广式腊肠,三根,广式腊味煲仔饭
大米,300g,广式腊味煲仔饭
黄心菜,一棵,广式腊味煲仔饭
红萝卜,一片,广式腊味煲仔饭
香菇,半个,广式腊味煲仔饭
纯净水,两朵,广式腊味煲仔饭
油炸豆腐,一棵,广式腊味煲仔饭
生抽,少许,广式腊味煲仔饭
盐,少许,广式腊味煲仔饭
米,适量,香肠煲仔饭
香肠,适量,香肠煲仔饭
香菇,适量,香肠煲仔饭
菜,适量,香肠煲仔饭
盐,适量,香肠煲仔饭
油,适量,香肠煲仔饭
广东菜心,适量,蒜香广东菜心
蒜瓣,适量,蒜香广东菜心
盐,适量,蒜香广东菜心
鲜酱油,适量,蒜香广东菜心
菜心,适量,广东名菜-生炒菜心
五花肉,适量,广东名菜-生炒菜心
蒜,3-5瓣,广东名菜-生炒菜心
料酒,适量,广东名菜-生炒菜心
蚝油,适量,广东名菜-生炒菜心
生抽,适量,广东名菜-生炒菜心
糖,适量,广东名菜-生炒菜心
盐,适量,广东名菜-生炒菜心
猪脚,半个,猪脚姜
鸡蛋,8个,猪脚姜
生姜,适量,猪脚姜
甜醋,1.5瓶,猪脚姜
广式腊肠,1根,广式辣肠焖饭
大米,适量,广式辣肠焖饭
土豆,1颗,广式辣肠焖饭
胡萝卜,1根,广式辣肠焖饭
花生油,1勺,广式辣肠焖饭
姜末,少许,广式辣肠焖饭
生抽,1匙,广式辣肠焖饭
醋,1匙,广式辣肠焖饭
盐,适量,广式辣肠焖饭
鸭肉,适量,仔姜焖鸭
仔姜,适量,仔姜焖鸭
生姜,适量,仔姜焖鸭
香葱,适量,仔姜焖鸭
生抽,适量,仔姜焖鸭
蚝油,适量,仔姜焖鸭
花生油,适量,仔姜焖鸭
清远鸡,半只,盐焗鸡
盐焗鸡粉,适量,盐焗鸡
花生油,适量,盐焗鸡
盐,少许,盐焗鸡
大米,2杯,腊味煲仔饭（家庭版）
腊肉,一小块,腊味煲仔饭（家庭版）
腊肠,半根,腊味煲仔饭（家庭版）
鸡蛋,一个,腊味煲仔饭（家庭版）
生菜,几片,腊味煲仔饭（家庭版）
花生油,1勺,腊味煲仔饭（家庭版）
酱油,1勺,腊味煲仔饭（家庭版）
蚝油,1勺,腊味煲仔饭（家庭版）
开水,1勺,腊味煲仔饭（家庭版）
凤爪,500g,虎皮凤爪
花生米,100g,虎皮凤爪
蒜米,适量,虎皮凤爪
干辣椒,1个,虎皮凤爪
干葱,适量,虎皮凤爪
酱油,适量,虎皮凤爪
料酒,适量,虎皮凤爪
豆瓣酱,1勺,虎皮凤爪
桂皮,1块,虎皮凤爪
八角,1个,虎皮凤爪
香叶,2片,虎皮凤爪
花椒,少量,虎皮凤爪
草果,1个,虎皮凤爪
冰糖,2块,虎皮凤爪
胡椒粉,1匙,虎皮凤爪
鸡精,少许,虎皮凤爪
鸡,半只切块,猪肚鸡🌯🍱🥘
即食猪肚,半只切块,猪肚鸡🌯🍱🥘
白萝卜,100g切片,猪肚鸡🌯🍱🥘
新鲜天麻,100g切片,猪肚鸡🌯🍱🥘
料酒,1勺,猪肚鸡🌯🍱🥘
排骨,1扎,五指毛桃排骨汤
莲子,10来片,五指毛桃排骨汤
五指毛桃,1扎,五指毛桃排骨汤
土茯苓干,10来片,五指毛桃排骨汤
蜜枣,2-3粒,五指毛桃排骨汤
盐,适量,五指毛桃排骨汤
大米,适量,腊味煲仔饭
腊肠,适量,腊味煲仔饭
鸡蛋,适量,腊味煲仔饭
青菜,适量,腊味煲仔饭
煲仔饭酱油,适量,腊味煲仔饭
猪肉,少许,猪肉香葱炒河粉
河粉,250克,猪肉香葱炒河粉
香葱,少许,猪肉香葱炒河粉
菜心,1把,白灼菜心
盐,适量,白灼菜心
食用油,适量,白灼菜心
蒜末,适量,白灼菜心
葱丝,适量,白灼菜心
猪蹄,500g,猪脚姜
生姜,300g,猪脚姜
鸡蛋,5只,猪脚姜
陈醋,1000g,猪脚姜
黄冰糖,300g,猪脚姜
生抽,50g,猪脚姜
盐,5g,猪脚姜
香叶,几片,猪脚姜
甘草,几颗,猪脚姜
桂皮,一小块,猪脚姜
草果,1颗,猪脚姜
虾仁,12个,复刻粤菜虾仁滑蛋
鸡蛋,3个,复刻粤菜虾仁滑蛋
小葱,1颗,复刻粤菜虾仁滑蛋
玉米淀粉,2勺,复刻粤菜虾仁滑蛋
盐,少许,复刻粤菜虾仁滑蛋
白胡椒粉,1g,复刻粤菜虾仁滑蛋
料酒,1勺,复刻粤菜虾仁滑蛋
大米,适量,腊味煲仔饭（电饭锅版）
腊肉,适量,腊味煲仔饭（电饭锅版）
腊肠,适量,腊味煲仔饭（电饭锅版）
油菜,适量,腊味煲仔饭（电饭锅版）
生抽,适量,腊味煲仔饭（电饭锅版）
蚝油,适量,腊味煲仔饭（电饭锅版）
白砂糖,适量,腊味煲仔饭（电饭锅版）
水,适量,腊味煲仔饭（电饭锅版）
面粉,300g,叉烧包
冷水,155g,叉烧包
酵母,3g,叉烧包
猪瘦肉,适量,叉烧包
猪梅花肉,适量,叉烧包
麦芽糖,2勺,叉烧包
生抽,2勺,叉烧包
蚝油,2勺,叉烧包
鱼露,2勺,叉烧包
红曲粉,适量,叉烧包
鸡,1只,白切鸡
沙姜粉,盐焗鸡粉，适量,白切鸡
姜,适量,白切鸡
葱,适量,白切鸡
盐,适量,白切鸡
芋艿,500克,桂花糖芋艿
红糖,4小块,桂花糖芋艿
冰糖,1块,桂花糖芋艿
藕粉,25克,桂花糖芋艿
食用碱面,少许,桂花糖芋艿
鸡蛋,500克,五香虎皮鸡蛋
菜籽油,4小块,五香虎皮鸡蛋
高汤,1块,五香虎皮鸡蛋
生抽,25克,五香虎皮鸡蛋
老抽,少许,五香虎皮鸡蛋
料酒,少许,五香虎皮鸡蛋
冰糖,7个,五香虎皮鸡蛋
料包,适量,五香虎皮鸡蛋
姜片,1碗,五香虎皮鸡蛋
盐,2勺,五香虎皮鸡蛋
绍兴花雕,500克,正宗苏式熏鱼
生抽,4小块,正宗苏式熏鱼
胡椒粉,1块,正宗苏式熏鱼
花椒,25克,正宗苏式熏鱼
料酒,少许,正宗苏式熏鱼
老抽,少许,正宗苏式熏鱼
盐,7个,正宗苏式熏鱼
白糖,适量,正宗苏式熏鱼
五香粉,1碗,正宗苏式熏鱼
大料,2勺,正宗苏式熏鱼
油条,500克,葱包桧儿
香葱,4小块,葱包桧儿
盐,1块,葱包桧儿
黄鳝,500克,软兜长鱼
蒜头,4小块,软兜长鱼
生抽,1块,软兜长鱼
醋,25克,软兜长鱼
老抽,少许,软兜长鱼
糖,少许,软兜长鱼
料酒,7个,软兜长鱼
黑胡椒,适量,软兜长鱼
油,1碗,软兜长鱼
淀粉,2勺,软兜长鱼
肋排,500克,无锡排骨
草果,4小块,无锡排骨
米醋,1块,无锡排骨
生抽,25克,无锡排骨
料酒,少许,无锡排骨
蚝油,少许,无锡排骨
冰糖,7个,无锡排骨
小葱,适量,无锡排骨
姜,1碗,无锡排骨
香叶,2勺,无锡排骨
桂皮,2勺,无锡排骨
干酵母,500克,龙虎斗烧饼
面粉,4小块,龙虎斗烧饼
葱,1块,龙虎斗烧饼
糖,25克,龙虎斗烧饼
盐,少许,龙虎斗烧饼
芝麻,少许,龙虎斗烧饼
小麦淀粉,500克,青团
白砂糖,4小块,青团
葱,1块,青团
糖,25克,青团
盐,少许,青团
芝麻,少许,青团
雨润方形火腿,500克,赣榆煎饼卷三丝
干辣椒,4小块,赣榆煎饼卷三丝
味极鲜,1块,赣榆煎饼卷三丝
香醋,25克,赣榆煎饼卷三丝
花椒油,少许,赣榆煎饼卷三丝
芝麻油,少许,赣榆煎饼卷三丝
盐,7个,赣榆煎饼卷三丝
糖,适量,赣榆煎饼卷三丝
油,1碗,赣榆煎饼卷三丝
香菜,2勺,赣榆煎饼卷三丝
小葱,2勺,赣榆煎饼卷三丝
大蒜,1勺,赣榆煎饼卷三丝
葱,1块,赣榆煎饼卷三丝
糖,1个,赣榆煎饼卷三丝
盐,3片,赣榆煎饼卷三丝
芝麻,少许,赣榆煎饼卷三丝
鱼尾,500克,红烧划水
老抽,4小块,红烧划水
料酒,1块,红烧划水
白糖,25克,红烧划水
盐,少许,红烧划水
葱,少许,红烧划水
姜,7个,红烧划水
鸡粉,适量,红烧划水
葱,1碗,红烧划水
糖,2勺,红烧划水
盐,2勺,红烧划水
芝麻,1勺,红烧划水
白糯米,500克,粢饭团
葱,4小块,粢饭团
糖,1块,粢饭团
盐,25克,粢饭团
芝麻,少许,粢饭团
上海青,500克,清炖狮子头
盐,4小块,清炖狮子头
淀粉,1块,清炖狮子头
糖,25克,清炖狮子头
胡椒粉,少许,清炖狮子头
葱,少许,清炖狮子头
糖,7个,清炖狮子头
盐,适量,清炖狮子头
芝麻,1碗,清炖狮子头
蒜,500克,松鼠鱼
白糖,4小块,松鼠鱼
白醋,1块,松鼠鱼
油,25克,松鼠鱼
料酒,少许,松鼠鱼
葱,少许,松鼠鱼
糖,7个,松鼠鱼
盐,适量,松鼠鱼
芝麻,1碗,松鼠鱼
温水,500克,黄桥烧饼
葱,4小块,黄桥烧饼
糖,1块,黄桥烧饼
盐,25克,黄桥烧饼
芝麻,少许,黄桥烧饼
水,500克,蜜三刀
普通粉,4小块,蜜三刀
麦芽糖,1块,蜜三刀
水,25克,蜜三刀
植物油,少许,蜜三刀
细砂糖,少许,蜜三刀
水,7个,蜜三刀
鸡蛋,500克,扬州炒饭
豌豆,4小块,扬州炒饭
葱,1块,扬州炒饭
糖,25克,扬州炒饭
盐,少许,扬州炒饭
芝麻,少许,扬州炒饭
植物油,7个,扬州炒饭
细砂糖,适量,扬州炒饭
水,1碗,扬州炒饭
黑米,500克,双糯米蒸饭包油条
咸蛋黄,4小块,双糯米蒸饭包油条
酸豆角,1块,双糯米蒸饭包油条
葱,25克,双糯米蒸饭包油条
糖,少许,双糯米蒸饭包油条
盐,少许,双糯米蒸饭包油条
芝麻,7个,双糯米蒸饭包油条
植物油,适量,双糯米蒸饭包油条
细砂糖,1碗,双糯米蒸饭包油条
水,2勺,双糯米蒸饭包油条
大闸蟹,500克,清蒸大闸蟹
蒜瓣,4小块,清蒸大闸蟹
醋,1块,清蒸大闸蟹
盐,25克,清蒸大闸蟹
葱,少许,清蒸大闸蟹
姜,少许,清蒸大闸蟹
黄酒,7个,清蒸大闸蟹
葱,适量,清蒸大闸蟹
糖,1碗,清蒸大闸蟹
盐,2勺,清蒸大闸蟹
芝麻,2勺,清蒸大闸蟹
植物油,1勺,清蒸大闸蟹
细砂糖,1块,清蒸大闸蟹
水,1个,清蒸大闸蟹
老姜,4小块,清蒸大闸蟹
葱,1块,清蒸大闸蟹
糖,25克,清蒸大闸蟹
盐,少许,清蒸大闸蟹
芝麻,少许,清蒸大闸蟹
植物油,7个,清蒸大闸蟹
细砂糖,适量,清蒸大闸蟹
水,1碗,清蒸大闸蟹
大蒜,500克,清蒸大闸蟹
醋,4小块,清蒸大闸蟹
生抽,1块,清蒸大闸蟹
糖,少许,清蒸大闸蟹
盐,7个,清蒸大闸蟹
芝麻,适量,清蒸大闸蟹
植物油,1碗,清蒸大闸蟹
细砂糖,2勺,清蒸大闸蟹
水,2勺,清蒸大闸蟹
生抽,500克,清蒸大闸蟹
葱,4小块,清蒸大闸蟹
糖,1块,清蒸大闸蟹
植物油,少许,清蒸大闸蟹
细砂糖,7个,清蒸大闸蟹
水,适量,清蒸大闸蟹
五花肉,500克,把子肉
老抽,4小块,把子肉
生抽,1块,把子肉
料酒,25克,把子肉
蚝油,少许,把子肉
生姜,少许,把子肉
香叶,7个,把子肉
花椒,适量,把子肉
小茴香,1碗,把子肉
葱,2勺,把子肉
糖,2勺,把子肉
盐,1勺,把子肉
芝麻,1块,把子肉
植物油,1个,把子肉
细砂糖,3片,把子肉
水,少许,把子肉
油,4小块,清蒸大闸蟹
生姜,1块,清蒸大闸蟹
生抽,25克,清蒸大闸蟹
猪肉,500克,猪肉汤团 汤圆
盐,4小块,猪肉汤团 汤圆
料酒,1块,猪肉汤团 汤圆
蚝油,25克,猪肉汤团 汤圆
鸡蛋,少许,猪肉汤团 汤圆
鸡精,少许,猪肉汤团 汤圆
葱,7个,猪肉汤团 汤圆
糖,适量,猪肉汤团 汤圆
盐,1碗,猪肉汤团 汤圆
芝麻,2勺,猪肉汤团 汤圆
植物油,2勺,猪肉汤团 汤圆
细砂糖,1勺,猪肉汤团 汤圆
水,1块,猪肉汤团 汤圆
鸡腿,500克,黄焖鸡家庭版
红椒,4小块,黄焖鸡家庭版
花椒,1块,黄焖鸡家庭版
料酒,25克,黄焖鸡家庭版
土豆,少许,黄焖鸡家庭版
八角,少许,黄焖鸡家庭版
蚝油,7个,黄焖鸡家庭版
葱,适量,黄焖鸡家庭版
青椒,1碗,黄焖鸡家庭版
干香菇,2勺,黄焖鸡家庭版
木耳,2勺,黄焖鸡家庭版
葱,1勺,黄焖鸡家庭版
糖,1块,黄焖鸡家庭版
盐,1个,黄焖鸡家庭版
芝麻,3片,黄焖鸡家庭版
植物油,少许,黄焖鸡家庭版
细砂糖,1棵,黄焖鸡家庭版
水,1000g,黄焖鸡家庭版
腊排骨,500克,腌笃鲜
老姜,4小块,腌笃鲜
料酒,1块,腌笃鲜
葱,25克,腌笃鲜
白菜,少许,腌笃鲜
葱,少许,腌笃鲜
糖,7个,腌笃鲜
盐,适量,腌笃鲜
芝麻,1碗,腌笃鲜
植物油,2勺,腌笃鲜
细砂糖,2勺,腌笃鲜
水,1勺,腌笃鲜
清鸡汤,500克,【自带文化味道的茄子】茄胙
盐,4小块,【自带文化味道的茄子】茄胙
白酒,1块,【自带文化味道的茄子】茄胙
油,25克,【自带文化味道的茄子】茄胙
蚝油,少许,【自带文化味道的茄子】茄胙
淀粉,少许,【自带文化味道的茄子】茄胙
葱,7个,【自带文化味道的茄子】茄胙
糖,适量,【自带文化味道的茄子】茄胙
盐,1碗,【自带文化味道的茄子】茄胙
芝麻,2勺,【自带文化味道的茄子】茄胙
植物油,2勺,【自带文化味道的茄子】茄胙
细砂糖,1勺,【自带文化味道的茄子】茄胙
水,1块,【自带文化味道的茄子】茄胙
黄花鱼,500克,清蒸黄花鱼
葱,4小块,清蒸黄花鱼
姜,1块,清蒸黄花鱼
青辣椒,25克,清蒸黄花鱼
红辣椒,少许,清蒸黄花鱼
香菜,少许,清蒸黄花鱼
盐,7个,清蒸黄花鱼
味精,适量,清蒸黄花鱼
白糖,1碗,清蒸黄花鱼
鸡精,2勺,清蒸黄花鱼
葱,2勺,清蒸黄花鱼
糖,1勺,清蒸黄花鱼
盐,1块,清蒸黄花鱼
芝麻,1个,清蒸黄花鱼
植物油,3片,清蒸黄花鱼
细砂糖,少许,清蒸黄花鱼
水,1棵,清蒸黄花鱼
白菜心,500克,腐乳炒菜心
花生油,4小块,腐乳炒菜心
盐,1块,腐乳炒菜心
葱,25克,腐乳炒菜心
糖,少许,腐乳炒菜心
盐,少许,腐乳炒菜心
芝麻,7个,腐乳炒菜心
植物油,适量,腐乳炒菜心
细砂糖,1碗,腐乳炒菜心
水,2勺,腐乳炒菜心
猪蹄,500克,腌笃鲜
盐,4小块,腌笃鲜
糖,少许,腌笃鲜
盐,少许,腌笃鲜
芝麻,7个,腌笃鲜
植物油,适量,腌笃鲜
细砂糖,1碗,腌笃鲜
水,2勺,腌笃鲜
大虾,500克,正宗鲁菜--油焖大虾
食盐,4小块,正宗鲁菜--油焖大虾
花椒,1块,正宗鲁菜--油焖大虾
冰糖,25克,正宗鲁菜--油焖大虾
料酒,少许,正宗鲁菜--油焖大虾
葱,少许,正宗鲁菜--油焖大虾
糖,7个,正宗鲁菜--油焖大虾
盐,适量,正宗鲁菜--油焖大虾
芝麻,1碗,正宗鲁菜--油焖大虾
植物油,2勺,正宗鲁菜--油焖大虾
细砂糖,2勺,正宗鲁菜--油焖大虾
水,1勺,正宗鲁菜--油焖大虾
里脊肉,500克,木须肉片
生姜,4小块,木须肉片
盐,1块,木须肉片
糖,25克,木须肉片
白胡椒粉,少许,木须肉片
玉米淀粉,少许,木须肉片
番茄酱,500克,糖醋里脊
盐,4小块,糖醋里脊
白糖,1块,糖醋里脊
料酒,25克,糖醋里脊
面粉,少许,糖醋里脊
鸡蛋,少许,糖醋里脊
白醋,7个,糖醋里脊
葱,适量,糖醋里脊
糖,1碗,糖醋里脊
盐,2勺,糖醋里脊
芝麻,2勺,糖醋里脊
植物油,1勺,糖醋里脊
细砂糖,1块,糖醋里脊
水,1个,糖醋里脊
麦芽糖,3片,糖醋里脊
盐,少许,糖醋里脊
糖,1棵,糖醋里脊
白胡椒粉,1000g,糖醋里脊
玉米淀粉,250ml,糖醋里脊
生抽,500克,油焖大虾
玉米油,4小块,油焖大虾
葱,1块,油焖大虾
糖,25克,油焖大虾
盐,少许,油焖大虾
芝麻,少许,油焖大虾
植物油,7个,油焖大虾
细砂糖,适量,油焖大虾
水,1碗,油焖大虾
麦芽糖,2勺,油焖大虾
盐,2勺,油焖大虾
糖,1勺,油焖大虾
白胡椒粉,1块,油焖大虾
玉米淀粉,1个,油焖大虾
海参,500克,葱烧海参
蚝油,4小块,葱烧海参
猪里脊肉,500克,糖醋里脊
生粉,4小块,糖醋里脊
盐,1块,糖醋里脊
生姜,25克,糖醋里脊
葱,少许,糖醋里脊
猪里脊,500克,木须肉
黄花菜,4小块,木须肉
木耳,1块,木须肉
黄瓜,25克,木须肉
葱,少许,木须肉
花椒,少许,木须肉
生抽,7个,木须肉
料酒,适量,木须肉
淀粉,1碗,木须肉
鸡蛋,500克,把子肉
草果,4小块,把子肉
香叶,1块,把子肉
山奈,25克,把子肉
桂皮,少许,把子肉
八角,少许,把子肉
葱,7个,把子肉
干红辣椒,适量,把子肉
青椒,1碗,把子肉
生抽,2勺,把子肉
白糖,2勺,把子肉
猪里脊,500克,糖醋里脊
鸡蛋,4小块,糖醋里脊
番茄酱,1块,糖醋里脊
葱,25克,糖醋里脊
孜然粉,少许,糖醋里脊
酱油,少许,糖醋里脊
蚝油,7个,糖醋里脊
精盐,4小块,糖醋里脊
料酒,1块,糖醋里脊
白糖,25克,糖醋里脊
浓缩橙汁,少许,糖醋里脊
番茄沙司,少许,糖醋里脊
玉米淀粉,7个,糖醋里脊
普通面粉,适量,糖醋里脊
葱,1碗,糖醋里脊
糖,2勺,糖醋里脊
芝麻,1勺,糖醋里脊
植物油,1块,糖醋里脊
细砂糖,1个,糖醋里脊
水,3片,糖醋里脊
麦芽糖,少许,糖醋里脊
盐,1棵,糖醋里脊
糖,1000g,糖醋里脊
白胡椒粉,250ml,糖醋里脊
玉米淀粉,250g,糖醋里脊
味极鲜酱油,适量,糖醋里脊
蚝油,适量,糖醋里脊
海鲜酱油,适量,糖醋里脊
盐,适量,糖醋里脊
生姜,适量,糖醋里脊
白芝麻,适量,糖醋里脊
生抽,适量,糖醋里脊
料酒,适量,糖醋里脊
淀粉,适量,糖醋里脊
白糖,150克,糖醋里脊
生抽,2根,糖醋里脊
料酒,2克,糖醋里脊
孜然粉,适量,糖醋里脊
酱油,300g,糖醋里脊
蚝油,8瓣,糖醋里脊
活鸡,500克,德州扒鸡
香料,4小块,德州扒鸡
老汤,1块,德州扒鸡
生姜,25克,德州扒鸡
盐,少许,德州扒鸡
葱,少许,德州扒鸡
糖,7个,德州扒鸡
盐,适量,德州扒鸡
芝麻,1碗,德州扒鸡
植物油,2勺,德州扒鸡
细砂糖,2勺,德州扒鸡
水,1勺,德州扒鸡
麦芽糖,1块,德州扒鸡
盐,1个,德州扒鸡
糖,3片,德州扒鸡
白胡椒粉,少许,德州扒鸡
玉米淀粉,1棵,德州扒鸡
味极鲜酱油,1000g,德州扒鸡
蚝油,250ml,德州扒鸡
海鲜酱油,250g,德州扒鸡
生姜,适量,德州扒鸡
葱,适量,德州扒鸡
白芝麻,适量,德州扒鸡
生抽,适量,德州扒鸡
料酒,适量,德州扒鸡
淀粉,适量,德州扒鸡
白糖,适量,德州扒鸡
料酒,150克,德州扒鸡
孜然粉,2根,德州扒鸡
酱油,150克,德州扒鸡
蚝油,2克,德州扒鸡
鲈鱼,500克,《三生三世枕上书》同款糖醋鱼～茄汁糖醋鱼
葱,4小块,《三生三世枕上书》同款糖醋鱼～茄汁糖醋鱼
姜,1块,《三生三世枕上书》同款糖醋鱼～茄汁糖醋鱼
植物油,25克,《三生三世枕上书》同款糖醋鱼～茄汁糖醋鱼
料酒,少许,《三生三世枕上书》同款糖醋鱼～茄汁糖醋鱼
番茄酱,少许,《三生三世枕上书》同款糖醋鱼～茄汁糖醋鱼
白糖,7个,《三生三世枕上书》同款糖醋鱼～茄汁糖醋鱼
淀粉,适量,《三生三世枕上书》同款糖醋鱼～茄汁糖醋鱼
猪硬肋肉,500克,四合院家香之坛子肉
肉桂,4小块,四合院家香之坛子肉
葱,1块,四合院家香之坛子肉
姜,25克,四合院家香之坛子肉
葱,少许,四合院家香之坛子肉
糖,少许,四合院家香之坛子肉
盐,7个,四合院家香之坛子肉
芝麻,适量,四合院家香之坛子肉
植物油,1碗,四合院家香之坛子肉
细砂糖,2勺,四合院家香之坛子肉
水,2勺,四合院家香之坛子肉
麦芽糖,1勺,四合院家香之坛子肉
盐,1块,四合院家香之坛子肉
糖,1个,四合院家香之坛子肉
白胡椒粉,3片,四合院家香之坛子肉
玉米淀粉,少许,四合院家香之坛子肉
味极鲜酱油,1棵,四合院家香之坛子肉
蚝油,1000g,四合院家香之坛子肉
海鲜酱油,250ml,四合院家香之坛子肉
盐,250g,四合院家香之坛子肉
生姜,适量,四合院家香之坛子肉
葱,适量,四合院家香之坛子肉
白芝麻,适量,四合院家香之坛子肉
生抽,适量,四合院家香之坛子肉
料酒,适量,四合院家香之坛子肉
淀粉,适量,四合院家香之坛子肉
白糖,适量,四合院家香之坛子肉
孜然粉,150克,四合院家香之坛子肉
酱油,2根,四合院家香之坛子肉
蚝油,150克,四合院家香之坛子肉
食盐,2克,四合院家香之坛子肉
植物油,适量,四合院家香之坛子肉
料酒,300g,四合院家香之坛子肉
番茄酱,8瓣,四合院家香之坛子肉
白糖,一匙,四合院家香之坛子肉
淀粉,少许,四合院家香之坛子肉
荸荠,500克,福禄寿喜到，吃了会好运的四喜丸子，肉香满口
淀粉,4小块,福禄寿喜到，吃了会好运的四喜丸子，肉香满口
盐,1块,福禄寿喜到，吃了会好运的四喜丸子，肉香满口
酱油,25克,福禄寿喜到，吃了会好运的四喜丸子，肉香满口
十三香,少许,福禄寿喜到，吃了会好运的四喜丸子，肉香满口
油,少许,福禄寿喜到，吃了会好运的四喜丸子，肉香满口
生抽,7个,福禄寿喜到，吃了会好运的四喜丸子，肉香满口
香油,适量,福禄寿喜到，吃了会好运的四喜丸子，肉香满口
大料,1碗,福禄寿喜到，吃了会好运的四喜丸子，肉香满口
桂皮,2勺,福禄寿喜到，吃了会好运的四喜丸子，肉香满口
花椒,2勺,福禄寿喜到，吃了会好运的四喜丸子，肉香满口
大葱,500克,葱烧海参
冰糖,1块,葱烧海参
白糖,25克,葱烧海参
黄酒,少许,葱烧海参
鸡精,少许,葱烧海参
鸡汤,7个,葱烧海参
老抽,适量,葱烧海参
鸡,500克,香酥鸡
面粉,4小块,香酥鸡
辣椒粉,1块,香酥鸡
豆腐,500克,锅塌豆腐
葱,4小块,锅塌豆腐
姜,1块,锅塌豆腐
料酒,25克,锅塌豆腐
盐,少许,锅塌豆腐
菠萝,500克,菠萝咕咾肉
鸡蛋,4小块,菠萝咕咾肉
植物油,1块,菠萝咕咾肉
大葱,25克,菠萝咕咾肉
姜,少许,菠萝咕咾肉
蒜,少许,菠萝咕咾肉
青椒,7个,菠萝咕咾肉
红椒,适量,菠萝咕咾肉
盐,1碗,菠萝咕咾肉
料酒,2勺,菠萝咕咾肉
白糖,2勺,菠萝咕咾肉
白醋,1勺,菠萝咕咾肉
羊肉卷,500克,羊肉  葱爆羊肉
葱,4小块,羊肉  葱爆羊肉
孜然,1块,羊肉  葱爆羊肉
大喜大烤肉酱,25克,羊肉  葱爆羊肉
酱油,少许,羊肉  葱爆羊肉
晓芹海参,500克,葱烧海参
西兰花,4小块,葱烧海参
葱,1块,葱烧海参
姜,25克,葱烧海参
八角,少许,葱烧海参
盐,少许,葱烧海参
糖,7个,葱烧海参
水淀粉,1碗,葱烧海参
酱油,2勺,葱烧海参
料酒,2勺,葱烧海参
椒油,1勺,葱烧海参
鳊鱼,500克,糖醋鱼
料酒,4小块,糖醋鱼
番茄酱,1块,糖醋鱼
白砂糖,25克,糖醋鱼
鸡精,少许,糖醋鱼
食用油,少许,糖醋鱼
鸡胸肉,500克,比饭店还好吃的糖醋里脊
料酒,4小块,比饭店还好吃的糖醋里脊
盐,1块,比饭店还好吃的糖醋里脊
鸡蛋,25克,比饭店还好吃的糖醋里脊
白糖,少许,比饭店还好吃的糖醋里脊
白醋,少许,比饭店还好吃的糖醋里脊
番茄酱,7个,比饭店还好吃的糖醋里脊
清水,适量,比饭店还好吃的糖醋里脊
大明虾,500克,红烧大虾
姜,4小块,红烧大虾
酱油,1块,红烧大虾
蚝油,25克,红烧大虾
料酒,少许,红烧大虾
白糖,少许,红烧大虾
鸡蛋,500克,木须肉
黄瓜,4小块,木须肉
葱,1块,木须肉
姜,25克,木须肉
蒜,少许,木须肉
料酒,少许,木须肉
淀粉,7个,木须肉
花生油,适量,木须肉
老抽,1碗,木须肉
生抽,2勺,木须肉
海虾,500克,油爆大虾
植物油,4小块,油爆大虾
姜丝,1块,油爆大虾
蒜末,25克,油爆大虾
盐,少许,油爆大虾
细砂糖,少许,油爆大虾
鸡胸肉,500克,木须肉丨清新味美营养价值高
木耳,4小块,木须肉丨清新味美营养价值高
鸡蛋,1块,木须肉丨清新味美营养价值高
胡萝卜,25克,木须肉丨清新味美营养价值高
食用油,少许,木须肉丨清新味美营养价值高
盐,少许,木须肉丨清新味美营养价值高
料酒,7个,木须肉丨清新味美营养价值高
鸡精,适量,木须肉丨清新味美营养价值高
香油,1碗,木须肉丨清新味美营养价值高
白糖,2勺,木须肉丨清新味美营养价值高
淀粉,2勺,木须肉丨清新味美营养价值高
葱,1勺,木须肉丨清新味美营养价值高
淀粉,4小块,糖醋里脊
普通面粉,1块,糖醋里脊
番茄酱,25克,糖醋里脊
白糖,少许,糖醋里脊
白醋,少许,糖醋里脊
料酒,7个,糖醋里脊
里脊肉,500克,糖醋里脊
胡萝卜,500克,炒苜蓿肉
淀粉,4小块,炒苜蓿肉
葱花,1块,炒苜蓿肉
酱油,25克,炒苜蓿肉
里脊肉,500克,糖醋里脊的做法？
蛋清,4小块,糖醋里脊的做法？
玉米淀粉,1块,糖醋里脊的做法？
白砂糖,25克,糖醋里脊的做法？
姜,少许,糖醋里脊的做法？
白胡椒粉,少许,糖醋里脊的做法？
盐,7个,糖醋里脊的做法？
鸭,半只,【湘菜】啤酒鸭——夏季里降火的大肉菜
啤酒,600ml,【湘菜】啤酒鸭——夏季里降火的大肉菜
青红椒,适量,【湘菜】啤酒鸭——夏季里降火的大肉菜
葱,适量,【湘菜】啤酒鸭——夏季里降火的大肉菜
姜,适量,【湘菜】啤酒鸭——夏季里降火的大肉菜
蒜,适量,【湘菜】啤酒鸭——夏季里降火的大肉菜
生抽,适量,【湘菜】啤酒鸭——夏季里降火的大肉菜
老抽,适量,【湘菜】啤酒鸭——夏季里降火的大肉菜
糖,适量,【湘菜】啤酒鸭——夏季里降火的大肉菜
盐,适量,【湘菜】啤酒鸭——夏季里降火的大肉菜
八角,适量,【湘菜】啤酒鸭——夏季里降火的大肉菜
五花肉,适量,传统红烧肉
八角,适量,传统红烧肉
葱段,适量,传统红烧肉
香叶,适量,传统红烧肉
姜片,适量,传统红烧肉
白砂糖,适量,传统红烧肉
盐,适量,传统红烧肉
酱油,适量,传统红烧肉
黄酒,适量,传统红烧肉
冰糖,适量,传统红烧肉
花生油,适量,传统红烧肉
鱼头,适量,剁椒鱼头
葱,适量,剁椒鱼头
姜,适量,剁椒鱼头
蒜,适量,剁椒鱼头
剁椒,适量,剁椒鱼头
盐,适量,剁椒鱼头
胡椒粉,适量,剁椒鱼头
鸡精,适量,剁椒鱼头
包菜,适量,手撕包菜
蒜粒,6-8粒,手撕包菜
干辣椒,适量,手撕包菜
食用油,适量,手撕包菜
盐,适量,手撕包菜
味极鲜酱油,适量,手撕包菜
醋,适量,手撕包菜
鸡精,适量,手撕包菜
五花肉,500克,廖师傅的“毛氏红烧肉”
大葱,30克,廖师傅的“毛氏红烧肉”
姜片,20克,廖师傅的“毛氏红烧肉”
冰糖,30克,廖师傅的“毛氏红烧肉”
味精,20克,廖师傅的“毛氏红烧肉”
酱油,1克,廖师傅的“毛氏红烧肉”
豆豉,20克,廖师傅的“毛氏红烧肉”
干辣椒,20克,廖师傅的“毛氏红烧肉”
八角,5克,廖师傅的“毛氏红烧肉”
桂皮,2枚,廖师傅的“毛氏红烧肉”
清水,1克,廖师傅的“毛氏红烧肉”
鸡翅,适量,剁椒蒸鸡翅
剁椒,适量,剁椒蒸鸡翅
蒜,适量,剁椒蒸鸡翅
葱,适量,剁椒蒸鸡翅
姜,适量,剁椒蒸鸡翅
盐,适量,剁椒蒸鸡翅
蒸鱼豉油,适量,剁椒鱼头
包菜,250克,手撕包菜
培根,3片,手撕包菜
干辣椒,7个,手撕包菜
蒜,适量,手撕包菜
生抽,10克,手撕包菜
香醋,10克,手撕包菜
花椒,适量,手撕包菜
小龙虾,21只,[徽菜]--麻辣小龙虾
青蒜,适量,[徽菜]--麻辣小龙虾
蒜头,适量,[徽菜]--麻辣小龙虾
姜,适量,[徽菜]--麻辣小龙虾
香葱,适量,[徽菜]--麻辣小龙虾
花椒,适量,[徽菜]--麻辣小龙虾
八角,适量,[徽菜]--麻辣小龙虾
甜酱,适量,[徽菜]--麻辣小龙虾
白酒,适量,[徽菜]--麻辣小龙虾
生抽,适量,[徽菜]--麻辣小龙虾
五花肉,适量,农家小炒肉
青尖椒,适量,农家小炒肉
青蒜,适量,农家小炒肉
蒜,适量,农家小炒肉
红尖椒,适量,农家小炒肉
食用油,适量,农家小炒肉
盐,适量,农家小炒肉
料酒,适量,农家小炒肉
生抽,适量,农家小炒肉
老抽,适量,农家小炒肉
豆豉,适量,农家小炒肉
辣酱,适量,农家小炒肉
五花肉,适量,最具年味的中式美食------自制腊肉
猪后腿肉,适量,最具年味的中式美食------自制腊肉
盐,适量,最具年味的中式美食------自制腊肉
生抽,350克,最具年味的中式美食------自制腊肉
老抽,适量,最具年味的中式美食------自制腊肉
冰糖,适量,最具年味的中式美食------自制腊肉
高度白酒,适量,最具年味的中式美食------自制腊肉
温水,200克,最具年味的中式美食------自制腊肉
花椒,适量,最具年味的中式美食------自制腊肉
干辣椒,3个,最具年味的中式美食------自制腊肉
姜粉,适量,最具年味的中式美食------自制腊肉
八角,适量,最具年味的中式美食------自制腊肉
桂皮,适量,最具年味的中式美食------自制腊肉
香叶,适量,最具年味的中式美食------自制腊肉
五香粉,适量,最具年味的中式美食------自制腊肉
五花肉,适量,红烧肉
大葱,适量,红烧肉
老姜,适量,红烧肉
桂皮,适量,红烧肉
香叶,适量,红烧肉
冰糖,适量,红烧肉
生抽,适量,红烧肉
料酒,适量,红烧肉
菜心,适量,【香菇菜心】--- 简单的食材、鲜美的味道
香菇,适量,【香菇菜心】--- 简单的食材、鲜美的味道
食盐,1勺,【香菇菜心】--- 简单的食材、鲜美的味道
蚝油,适量,【香菇菜心】--- 简单的食材、鲜美的味道
生抽,1汤勺,【香菇菜心】--- 简单的食材、鲜美的味道
水淀粉,适量,【香菇菜心】--- 简单的食材、鲜美的味道
食用油,适量,【香菇菜心】--- 简单的食材、鲜美的味道
包菜,适量,铁锅干炒的独特美味—手撕包菜
五花肉,150克,铁锅干炒的独特美味—手撕包菜
干红椒,适量,铁锅干炒的独特美味—手撕包菜
花椒,适量,铁锅干炒的独特美味—手撕包菜
八角,适量,铁锅干炒的独特美味—手撕包菜
食盐,1.5茶勺,铁锅干炒的独特美味—手撕包菜
蚝油,适量,铁锅干炒的独特美味—手撕包菜
生抽,适量,铁锅干炒的独特美味—手撕包菜
白糖,适量,铁锅干炒的独特美味—手撕包菜
醋,适量,铁锅干炒的独特美味—手撕包菜
猪五花肉,300克〈带皮),肥而不腻的毛氏红烧肉
葱,适量,肥而不腻的毛氏红烧肉
八角,2个,肥而不腻的毛氏红烧肉
辣椒,3个,肥而不腻的毛氏红烧肉
桂皮,1小块,肥而不腻的毛氏红烧肉
糖,20克,肥而不腻的毛氏红烧肉
黄酒,200ml,肥而不腻的毛氏红烧肉
盐,3克,肥而不腻的毛氏红烧肉
食用油,适量,肥而不腻的毛氏红烧肉
姜,适量,肥而不腻的毛氏红烧肉
蒜,适量,肥而不腻的毛氏红烧肉
姜,适量,农家小炒肉
蒜头,适量,农家小炒肉
大蒜,适量,农家小炒肉
鸡精,适量,农家小炒肉
五花肉,500克,【家常小炒肉】--- 超爱的那个味道
青椒,适量,【家常小炒肉】--- 超爱的那个味道
红椒,适量,【家常小炒肉】--- 超爱的那个味道
香葱,1根,【家常小炒肉】--- 超爱的那个味道
生姜,1块,【家常小炒肉】--- 超爱的那个味道
蒜瓣,2个,【家常小炒肉】--- 超爱的那个味道
料酒,1汤勺,【家常小炒肉】--- 超爱的那个味道
生抽,1汤勺,【家常小炒肉】--- 超爱的那个味道
老抽,适量,【家常小炒肉】--- 超爱的那个味道
食盐,1/4茶勺,【家常小炒肉】--- 超爱的那个味道
白糖,1勺,【家常小炒肉】--- 超爱的那个味道
香醋,1汤勺,【家常小炒肉】--- 超爱的那个味道
排骨,适量,红烧排骨
盐,适量,红烧排骨
老抽,适量,红烧排骨
葱,适量,红烧排骨
八角,适量,红烧排骨
桂皮,适量,红烧排骨
橙皮,适量,红烧排骨
鸡精,适量,红烧排骨
料酒,适量,红烧排骨
冰糖,适量,红烧排骨
姜,适量,红烧排骨
蒜,适量,红烧排骨
剁椒酱,一小勺,剁椒鱼头
料酒,适量,剁椒鱼头
生抽,适量,剁椒鱼头
大蒜,适量,剁椒鱼头
生姜,适量,剁椒鱼头
糖,适量,剁椒鱼头
胡椒粉,四分之一勺,剁椒鱼头
大葱,适量,剁椒鱼头
苦瓜,1根,苦瓜酿肉
肉馅,200克,苦瓜酿肉
虾仁,40克,苦瓜酿肉
香菇,1个,苦瓜酿肉
鸡蛋,1个,苦瓜酿肉
生抽,10克,苦瓜酿肉
料酒,5克,苦瓜酿肉
五香粉,1克,苦瓜酿肉
姜末,适量,苦瓜酿肉
淀粉,适量,苦瓜酿肉
盐,适量,苦瓜酿肉
食用油,适量,苦瓜酿肉
里脊肉,适量,农家小炒肉
杭椒,适量,农家小炒肉
红椒,适量,农家小炒肉
美人椒,适量,农家小炒肉
大蒜瓣,适量,农家小炒肉
香菜,适量,农家小炒肉
味精,适量,农家小炒肉
鱼头,一个,剁椒鱼头
大蒜头,适量,剁椒鱼头
野山椒,适量,剁椒鱼头
油,适量,剁椒鱼头
小龙虾,1000g,麻辣小龙虾
植物油,适量,麻辣小龙虾
鸡精,适量,麻辣小龙虾
小葱,50g,麻辣小龙虾
姜片,适量,麻辣小龙虾
料酒,适量,麻辣小龙虾
辣椒粉,适量,麻辣小龙虾
花椒,适量,麻辣小龙虾
八角,适量,麻辣小龙虾
草果,适量,麻辣小龙虾
桂皮,适量,麻辣小龙虾
小茴香,适量,麻辣小龙虾
白芷,适量,麻辣小龙虾
香叶,适量,麻辣小龙虾
陈皮,适量,麻辣小龙虾
盐,适量,麻辣小龙虾
糖,适量,麻辣小龙虾
生抽,适量,麻辣小龙虾
老抽,适量,麻辣小龙虾
醋,适量,麻辣小龙虾
草鱼头,1个,吉庆有鱼剁椒鱼头
料酒,15g,吉庆有鱼剁椒鱼头
盐,适量,吉庆有鱼剁椒鱼头
白胡椒粉,0.5g,吉庆有鱼剁椒鱼头
蒜末,15g,吉庆有鱼剁椒鱼头
剁椒,适量,吉庆有鱼剁椒鱼头
姜丝,适量,吉庆有鱼剁椒鱼头
鲈鱼,适量,花开富贵——剁椒鲈鱼
玉米粒,30克,花开富贵——剁椒鲈鱼
青豆,30克,花开富贵——剁椒鲈鱼
剁椒,适量,花开富贵——剁椒鲈鱼
姜,适量,花开富贵——剁椒鲈鱼
葱,适量,花开富贵——剁椒鲈鱼
蒜,适量,花开富贵——剁椒鲈鱼
胡椒粉,适量,花开富贵——剁椒鲈鱼
料酒,5克,花开富贵——剁椒鲈鱼
小龙虾,1000克,麻辣十三香小龙虾
花椒,适量,麻辣十三香小龙虾
干辣椒,30克,麻辣十三香小龙虾
葱,25克,麻辣十三香小龙虾
生姜,30克,麻辣十三香小龙虾
蒜,20克,麻辣十三香小龙虾
啤酒,2~3罐,麻辣十三香小龙虾
甘草,10克,麻辣十三香小龙虾
白芷,11克,麻辣十三香小龙虾
孜然,12克,麻辣十三香小龙虾
肉蔻,5克,麻辣十三香小龙虾
桂皮,1根,麻辣十三香小龙虾
香叶,适量,麻辣十三香小龙虾
八角,2个,麻辣十三香小龙虾
香辣酱,适量,麻辣十三香小龙虾
生抽,1大勺,麻辣十三香小龙虾
老抽,2汤匙,麻辣十三香小龙虾
醋,1汤匙,麻辣十三香小龙虾
冰糖,1汤匙,麻辣十三香小龙虾
盐,10克,麻辣十三香小龙虾
菜籽油,5克,麻辣十三香小龙虾
青椒,适量,麻辣十三香小龙虾
洋葱,适量,麻辣十三香小龙虾
粉丝,适量,干捞粉丝
肉末,适量,干捞粉丝
辣椒酱,适量,干捞粉丝
姜,适量,干捞粉丝
蒜粒,适量,干捞粉丝
酱油,适量,干捞粉丝
老抽,适量,干捞粉丝
蚝油,适量,干捞粉丝
酸豆角,适量,【酸豆角炒肉末】夏末专门为贴秋膘特别准备的开胃菜
五花肉,适量,【酸豆角炒肉末】夏末专门为贴秋膘特别准备的开胃菜
豆豉,适量,【酸豆角炒肉末】夏末专门为贴秋膘特别准备的开胃菜
蒜头,适量,【酸豆角炒肉末】夏末专门为贴秋膘特别准备的开胃菜
辣椒,适量,【酸豆角炒肉末】夏末专门为贴秋膘特别准备的开胃菜
姜,适量,【酸豆角炒肉末】夏末专门为贴秋膘特别准备的开胃菜
生抽,适量,【酸豆角炒肉末】夏末专门为贴秋膘特别准备的开胃菜
糖,适量,【酸豆角炒肉末】夏末专门为贴秋膘特别准备的开胃菜
油,适量,【酸豆角炒肉末】夏末专门为贴秋膘特别准备的开胃菜
牛肉,适量,湘味水煮牛肉
蛋清,适量,湘味水煮牛肉
莴笋,适量,湘味水煮牛肉
洋葱,适量,湘味水煮牛肉
香菇,适量,湘味水煮牛肉
芹菜,适量,湘味水煮牛肉
西红柿,适量,湘味水煮牛肉
小米椒,适量,湘味水煮牛肉
蒜蓉,适量,湘味水煮牛肉
姜末,适量,湘味水煮牛肉
盐,适量,湘味水煮牛肉
胡椒粉,适量,湘味水煮牛肉
鸡精,适量,湘味水煮牛肉
对虾,300克〈带皮),【湘菜】香辣虾
洋葱,1个,【湘菜】香辣虾
尖椒,3个,【湘菜】香辣虾
青蒜,适量,【湘菜】香辣虾
干辣椒,适量,【湘菜】香辣虾
盐,适量,【湘菜】香辣虾
红油,适量,【湘菜】香辣虾
蚝油,适量,【湘菜】香辣虾
土豆,适量,【美味土豆饼】让孩子爱上土豆
火腿,适量,【美味土豆饼】让孩子爱上土豆
香葱,适量,【美味土豆饼】让孩子爱上土豆
胡椒粉,适量,【美味土豆饼】让孩子爱上土豆
酱油,适量,【美味土豆饼】让孩子爱上土豆
食盐,适量,【美味土豆饼】让孩子爱上土豆
植物油,适量,【美味土豆饼】让孩子爱上土豆
莲藕,适量,香煎藕盒
猪里脊,适量,香煎藕盒
鸡蛋,适量,香煎藕盒
面粉,适量,香煎藕盒
葱花,适量,香煎藕盒
五香粉,适量,香煎藕盒
鸡翅,适量,蚝油焖鸡翅
姜片,适量,蚝油焖鸡翅
蒜片,适量,蚝油焖鸡翅
番茄酱,适量,蚝油焖鸡翅
蚝油,适量,蚝油焖鸡翅
盐,适量,蚝油焖鸡翅
鸡精,适量,蚝油焖鸡翅
胡椒,适量,蚝油焖鸡翅
排骨,适量,蜜汁排骨
蒜,适量,蜜汁排骨
西兰花,适量,蜜汁排骨
牛肉,适量,牛肉板面
鸡蛋,适量,牛肉板面
面,适量,牛肉板面
青菜,适量,牛肉板面
香料,适量,牛肉板面
老抽,适量,牛肉板面
干红辣椒,适量,牛肉板面
粗盐,适量,牛肉板面
食用碱,适量,牛肉板面
小龙虾,适量,麻辣小龙虾
大蒜,适量,麻辣小龙虾
姜,适量,麻辣小龙虾
葱段,适量,麻辣小龙虾
干辣椒,适量,麻辣小龙虾
郫县豆瓣酱,2勺,麻辣小龙虾
啤酒,适量,麻辣小龙虾
白酒,1勺,麻辣小龙虾
盐,1~2勺,麻辣小龙虾
白糖,1~3勺,麻辣小龙虾
食用油,适量,麻辣小龙虾
姜片,适量,蜜汁排骨
大蒜,适量,蜜汁排骨
生抽,适量,蜜汁排骨
叉烧酱,适量,蜜汁排骨
料酒,适量,蜜汁排骨
蜂蜜,适量,蜜汁排骨
盐,适量,蜜汁排骨
三黄鸡,半只,【香菇炖鸡】味道鲜美的下饭菜
干香菇,六颗,【香菇炖鸡】味道鲜美的下饭菜
干辣椒,一小把,【香菇炖鸡】味道鲜美的下饭菜
葱,适量,【香菇炖鸡】味道鲜美的下饭菜
姜,3片,【香菇炖鸡】味道鲜美的下饭菜
八角,适量,【香菇炖鸡】味道鲜美的下饭菜
生抽,2勺,【香菇炖鸡】味道鲜美的下饭菜
料酒,1勺,【香菇炖鸡】味道鲜美的下饭菜
老抽,1勺,【香菇炖鸡】味道鲜美的下饭菜
白糖,适量,【香菇炖鸡】味道鲜美的下饭菜
盐,1/4勺,【香菇炖鸡】味道鲜美的下饭菜
牛腩,1斤,蔬菜牛肉汤
番茄,2个,蔬菜牛肉汤
胡萝卜,1个,蔬菜牛肉汤
口蘑,4个,蔬菜牛肉汤
西芹,适量,蔬菜牛肉汤
洋葱,1个,蔬菜牛肉汤
葱段,适量,蔬菜牛肉汤
料酒,适量,蔬菜牛肉汤
姜片,适量,蔬菜牛肉汤
盐,适量,蔬菜牛肉汤
胡椒粉,适量,蔬菜牛肉汤
牛肉,适量,超美味的万能酱-----黄豆牛肉酱
黄豆,适量,超美味的万能酱-----黄豆牛肉酱
八角,适量,超美味的万能酱-----黄豆牛肉酱
桂皮,适量,超美味的万能酱-----黄豆牛肉酱
香叶,适量,超美味的万能酱-----黄豆牛肉酱
小茴香,适量,超美味的万能酱-----黄豆牛肉酱
三奈,适量,超美味的万能酱-----黄豆牛肉酱
花椒,适量,超美味的万能酱-----黄豆牛肉酱
大葱,适量,超美味的万能酱-----黄豆牛肉酱
姜,适量,超美味的万能酱-----黄豆牛肉酱
蒜,适量,超美味的万能酱-----黄豆牛肉酱
熟花生,适量,超美味的万能酱-----黄豆牛肉酱
熟芝麻,适量,超美味的万能酱-----黄豆牛肉酱
黄豆酱,适量,超美味的万能酱-----黄豆牛肉酱
甜面酱,适量,超美味的万能酱-----黄豆牛肉酱
豆瓣酱,适量,超美味的万能酱-----黄豆牛肉酱
料酒,适量,超美味的万能酱-----黄豆牛肉酱
冰糖,适量,超美味的万能酱-----黄豆牛肉酱
花椒粉,适量,超美味的万能酱-----黄豆牛肉酱
十三香,适量,超美味的万能酱-----黄豆牛肉酱
豆豉,适量,超美味的万能酱-----黄豆牛肉酱
虾,适量,油爆虾
姜,适量,油爆虾
葱,适量,油爆虾
蘑菇,适量,椒盐蘑菇
鸡蛋,2个,椒盐蘑菇
淀粉,适量,椒盐蘑菇
胡椒粉,适量,椒盐蘑菇
花椒粉,7g,椒盐蘑菇
辣椒粉,3g,椒盐蘑菇
盐,3g,椒盐蘑菇
糖,适量,椒盐蘑菇
鸡精,1g,椒盐蘑菇
咸蛋黄,适量,【徽菜】：蛋黄豆腐
内酯豆腐,适量,【徽菜】：蛋黄豆腐
红彩椒,适量,【徽菜】：蛋黄豆腐
香葱,适量,【徽菜】：蛋黄豆腐
高汤,适量,【徽菜】：蛋黄豆腐
盐,适量,【徽菜】：蛋黄豆腐
白胡椒粉,适量,【徽菜】：蛋黄豆腐
姜末,适量,【徽菜】：蛋黄豆腐
猪里脊肉,170克,【徽菜】----寸金肉
火腿,25克,【徽菜】----寸金肉
鸡蛋,适量,【徽菜】----寸金肉
白芝麻,适量,【徽菜】----寸金肉
白胡椒粉,适量,【徽菜】----寸金肉
黄酒,5克,【徽菜】----寸金肉
鸡精,适量,【徽菜】----寸金肉
淀粉,1.5克,【徽菜】----寸金肉
淀粉,适量,蜜汁排骨
老抽,适量,蜜汁排骨
胡椒粉,适量,蜜汁排骨
花椒粉,适量,蜜汁排骨
植物油,适量,蜜汁排骨
白糖,适量,蜜汁排骨
麦芽糖,适量,蜜汁排骨
香油,适量,蜜汁排骨
芝麻,适量,蜜汁排骨
水,适量,蜜汁排骨
肋骨,适量,三鲜蒸排骨
火腿,适量,三鲜蒸排骨
冬笋,适量,三鲜蒸排骨
冬菇,适量,三鲜蒸排骨
姜片,适量,三鲜蒸排骨
葱段,适量,三鲜蒸排骨
盐,适量,三鲜蒸排骨
糖,适量,三鲜蒸排骨
生抽,适量,三鲜蒸排骨
老抽,适量,三鲜蒸排骨
料酒,适量,三鲜蒸排骨
水淀粉,适量,三鲜蒸排骨
鸡胸肉,适量,核桃鸡丁
核桃,适量,核桃鸡丁
豌豆,适量,核桃鸡丁
胡萝卜,适量,核桃鸡丁
葱,适量,核桃鸡丁
盐,适量,核桃鸡丁
水淀粉,适量,核桃鸡丁
料酒,适量,核桃鸡丁
鸡精,适量,核桃鸡丁
香油,适量,核桃鸡丁
生抽,适量,核桃鸡丁
鱼头,1个,鸿运当头--年菜之汤煲--砂锅鱼头煲
豆腐,1个,鸿运当头--年菜之汤煲--砂锅鱼头煲
五花肉,适量,鸿运当头--年菜之汤煲--砂锅鱼头煲
土豆宽粉,适量,鸿运当头--年菜之汤煲--砂锅鱼头煲
大蒜,1根,鸿运当头--年菜之汤煲--砂锅鱼头煲
香葱,2根,鸿运当头--年菜之汤煲--砂锅鱼头煲
生姜,1块,鸿运当头--年菜之汤煲--砂锅鱼头煲
高汤,1碗,鸿运当头--年菜之汤煲--砂锅鱼头煲
油,3茶匙,鸿运当头--年菜之汤煲--砂锅鱼头煲
盐,适量,鸿运当头--年菜之汤煲--砂锅鱼头煲
黑胡椒粉,适量,鸿运当头--年菜之汤煲--砂锅鱼头煲
臭鳜鱼,1条,[徽菜]---红烧臭鳜鱼
猪肉末,适量,[徽菜]---红烧臭鳜鱼
姜末,适量,[徽菜]---红烧臭鳜鱼
蒜末,适量,[徽菜]---红烧臭鳜鱼
葱末,适量,[徽菜]---红烧臭鳜鱼
猪油,适量,[徽菜]---红烧臭鳜鱼
盐,适量,[徽菜]---红烧臭鳜鱼
醋,适量,[徽菜]---红烧臭鳜鱼
料酒,适量,[徽菜]---红烧臭鳜鱼
老抽,适量,[徽菜]---红烧臭鳜鱼
白糖,适量,[徽菜]---红烧臭鳜鱼
鸡精,适量,[徽菜]---红烧臭鳜鱼
牛腩,500克,冬季养生菜的最佳搭配---番茄胡萝卜炖牛腩
番茄,2个,冬季养生菜的最佳搭配---番茄胡萝卜炖牛腩
胡萝卜,适量,冬季养生菜的最佳搭配---番茄胡萝卜炖牛腩
洋葱,适量,冬季养生菜的最佳搭配---番茄胡萝卜炖牛腩
姜片,适量,冬季养生菜的最佳搭配---番茄胡萝卜炖牛腩
八角,适量,冬季养生菜的最佳搭配---番茄胡萝卜炖牛腩
香叶,适量,冬季养生菜的最佳搭配---番茄胡萝卜炖牛腩
盐,适量,冬季养生菜的最佳搭配---番茄胡萝卜炖牛腩
糖,适量,冬季养生菜的最佳搭配---番茄胡萝卜炖牛腩
红烧酱油,4克,冬季养生菜的最佳搭配---番茄胡萝卜炖牛腩
料酒,适量,冬季养生菜的最佳搭配---番茄胡萝卜炖牛腩
猪耳朵,1个,幸福只是一个回家的距离-凤还巢-卤猪耳朵
香叶,适量,幸福只是一个回家的距离-凤还巢-卤猪耳朵
花椒,1把,幸福只是一个回家的距离-凤还巢-卤猪耳朵
绵白糖,1勺,幸福只是一个回家的距离-凤还巢-卤猪耳朵
生姜,1个,幸福只是一个回家的距离-凤还巢-卤猪耳朵
八角,适量,幸福只是一个回家的距离-凤还巢-卤猪耳朵
十三香,适量,幸福只是一个回家的距离-凤还巢-卤猪耳朵
干红辣椒,5里,幸福只是一个回家的距离-凤还巢-卤猪耳朵
生抽,1勺,幸福只是一个回家的距离-凤还巢-卤猪耳朵
黄酒,1勺,幸福只是一个回家的距离-凤还巢-卤猪耳朵
桂皮,1个,幸福只是一个回家的距离-凤还巢-卤猪耳朵
陈皮,1个,幸福只是一个回家的距离-凤还巢-卤猪耳朵
精盐,1勺,幸福只是一个回家的距离-凤还巢-卤猪耳朵
莲藕,250克,香煎藕饼
香葱,2节,香煎藕饼
料酒,1勺,香煎藕饼
生抽,2勺,香煎藕饼
鸡蛋,1个,香煎藕饼
黑胡椒粉,1茶匙,香煎藕饼
香油,1匀,香煎藕饼
盐,适量,香煎藕饼
武昌鱼,1条,豆瓣烧武昌鱼
豆瓣酱,适量,豆瓣烧武昌鱼
香菜,适量,豆瓣烧武昌鱼
姜片,适量,豆瓣烧武昌鱼
白酒,适量,豆瓣烧武昌鱼
生抽,适量,豆瓣烧武昌鱼
平菇,适量,椒盐蘑菇
鸡蛋,适量,椒盐蘑菇
花椒粉,适量,椒盐蘑菇
盐,适量,椒盐蘑菇
五花肉,500g (肥瘦比为3:7或者2:8),【清炖狮子头】：清淡不寡淡的年味菜
马蹄,6~7个,【清炖狮子头】：清淡不寡淡的年味菜
姜,一小块,【清炖狮子头】：清淡不寡淡的年味菜
小葱,适量,【清炖狮子头】：清淡不寡淡的年味菜
鸡蛋,2个【只取蛋清部分),【清炖狮子头】：清淡不寡淡的年味菜
菜心,适量,【清炖狮子头】：清淡不寡淡的年味菜
菜叶,适量,【清炖狮子头】：清淡不寡淡的年味菜
料酒,15ml,【清炖狮子头】：清淡不寡淡的年味菜
盐,适量,【清炖狮子头】：清淡不寡淡的年味菜
清水,50~80ml,【清炖狮子头】：清淡不寡淡的年味菜
生粉,适量,【清炖狮子头】：清淡不寡淡的年味菜
麻油,数滴,【清炖狮子头】：清淡不寡淡的年味菜
猪小排,适量,营养丰富强壮身体----酱排骨
葱段,适量,营养丰富强壮身体----酱排骨
姜片,5片,营养丰富强壮身体----酱排骨
红糖,2勺,营养丰富强壮身体----酱排骨
番茄酱,2勺,营养丰富强壮身体----酱排骨
老抽,适量,营养丰富强壮身体----酱排骨
生抽,1勺,营养丰富强壮身体----酱排骨
料酒,适量,营养丰富强壮身体----酱排骨
八角,适量,营养丰富强壮身体----酱排骨
桂皮,适量,营养丰富强壮身体----酱排骨
牛腩,适量,富贵牛腩煲
胡萝卜,适量,富贵牛腩煲
白萝卜,适量,富贵牛腩煲
蚝油,适量,富贵牛腩煲
生抽,适量,富贵牛腩煲
盐,适量,富贵牛腩煲
味精,适量,富贵牛腩煲
葱,适量,富贵牛腩煲
姜,适量,富贵牛腩煲
蒜,适量,富贵牛腩煲
香叶,适量,富贵牛腩煲
八角,适量,富贵牛腩煲
草果,适量,富贵牛腩煲
冰糖,适量,富贵牛腩煲
米酒,适量,富贵牛腩煲
扒皮鱼,适量,糖醋扒皮鱼----黄金比例的料汁做出鲜香美味
姜,适量,糖醋扒皮鱼----黄金比例的料汁做出鲜香美味
干红辣椒,2个,糖醋扒皮鱼----黄金比例的料汁做出鲜香美味
白糖,2勺,糖醋扒皮鱼----黄金比例的料汁做出鲜香美味
醋,2勺,糖醋扒皮鱼----黄金比例的料汁做出鲜香美味
生抽,1勺,糖醋扒皮鱼----黄金比例的料汁做出鲜香美味
老抽,适量,糖醋扒皮鱼----黄金比例的料汁做出鲜香美味
料酒,2勺,糖醋扒皮鱼----黄金比例的料汁做出鲜香美味
胡椒粉,适量,糖醋扒皮鱼----黄金比例的料汁做出鲜香美味
盐,适量,糖醋扒皮鱼----黄金比例的料汁做出鲜香美味
香葱,适量,糖醋扒皮鱼----黄金比例的料汁做出鲜香美味
